2022/3/26 11:20,月1,前期,1,再・経済学(1),saz001115,"22C→22C(1Q),61A(2Q)",対象[19-**],共通教養,,高辻 成彦
2022/3/26 11:20,月2,前期,1,再・経済学(1),saz001215,"22C→22C(1Q),61A(2Q)",対象[19-**],共通教養,,高辻 成彦
2022/3/26 11:20,月3,前期,1,再・経済学(1),saz001331,"22C→22C(1Q),61A(2Q)",対象[19-**],共通教養,,高辻 成彦
2022/3/26 11:20,火4,後期,2,代数学(2)/再・代数学(2),sbz172403,,"対象[**-16]/対象[理工学部(自然を除く):20-20,工学部:19-16]/対象[15-**]→対象[**-16]/対象[理工学部(自然を除く):20-20,情報工学部:20-20,工学部:19-16,知識工学部(自然を除く):19-16]/対象[15-**]","自然,共通基礎,共通教職",,井上 浩一
2022/3/26 11:20,木3,前期,2,代数学(1)/再・代数学(1),saz174301,11C,"対象[**-16]/対象[理工学部(自然を除く):**-20,工学部:19-16]/代数学(1):20-16/対象[15-**]→対象[**-16]/対象[理工学部(自然を除く):**-20,情報工学部:**-20,工学部:19-16,知識工学部(自然を除く):19-16]/代数学(1):20-16/対象[15-**]","自然,共通基礎,共通教職",,古田 公司
2022/3/26 11:20,金5,後期,2,代数学(3)/再・代数学(3),sbz175501,,"対象[**-16]/対象[理工学部(自然を除く):20-20,工学部:19-16]/対象[15-**]→対象[**-16]/対象[理工学部(自然を除く):20-20,情報工学部:20-20,工学部:19-16,知識工学部(自然を除く):19-16]/対象[15-**]","自然,共通基礎,共通教職",,田邊 顕一朗
2022/3/26 11:20,"金3,金4",前期後,1,物理学実験(b)/再・物理学実験(1)→物理学実験(b)/再・物理学実験(2),sab115305,"物理学実験室(62H),11E,物理学実験室(62H),11E",対象[**-21]/対象[建築都市デザイン学部:20-20],"機械,共通基礎",,"須藤 誠一,右近 修治,浅野 恵美,西川 浩之,岡 笑美,金子 核,木浪 信之,深井 佳乃,武藤 知巳"
2022/3/26 11:20,"金3,金4",前期,1,再・物理学実験,saz115306,"物理学実験室(62H),1BL,物理学実験室(62H),1BL→物理学実験室(62H),1BL(1Q),11E(2Q),物理学実験室(62H),1BL(1Q),11E(2Q)",対象[20-**],機械,,"須藤 誠一,右近 修治,浅野 恵美,西川 浩之,岡 笑美,金子 核,木浪 信之,深井 佳乃,武藤 知巳"
2022/3/26 11:20,"火3,火4",前期後,1,物理学実験(b)/再・物理学実験(1)→物理学実験(b)/再・物理学実験(2),sab122309,"物理学実験室(62H),22A,物理学実験室(62H),22A",対象[**-21]/対象[建築都市デザイン学部:20-20],"機シ,共通基礎",,"門多 顕司,西川 浩之,三原 国子,栗栖 牧生,鈴木 ひろみ,砂畑 浩樹,石原 正三,神谷 好郎,小川 亮"
2022/3/26 11:20,"火3,火4",前期,1,再・物理学実験,saz122310,"物理学実験室(62H),1BB,物理学実験室(62H),1BB→物理学実験室(62H),1BB(1Q),22A(2Q),物理学実験室(62H),1BB(1Q),22A(2Q)",対象[20-**],機シ,,"門多 顕司,西川 浩之,三原 国子,栗栖 牧生,鈴木 ひろみ,砂畑 浩樹,石原 正三,神谷 好郎,小川 亮"
2022/3/26 11:20,"月3,月4",前期前,1,物理学実験(a)/再・物理学実験(a)→物理学実験(a)/再・物理学実験(1),saa131308,"物理学実験室(62H),13P,物理学実験室(62H),13P",対象[**-21]/対象[建築都市デザイン学部:20-20],"電通ABC,医用,共通基礎",,"長田 剛,綿引 隆文,浅野 恵美,大野 玲,手束 文子,木浪 信之,深井 佳乃,中島 啓光,小川 亮"
2022/3/26 11:20,"月3,月4",前期後,1,物理学実験(b)/再・物理学実験(b)→物理学実験(b)/再・物理学実験(2),sab131309,"物理学実験室(62H),13P,物理学実験室(62H),13P",対象[**-21]/対象[建築都市デザイン学部:20-20],"電通ABC,医用,共通基礎",,"長田 剛,綿引 隆文,浅野 恵美,大野 玲,手束 文子,木浪 信之,深井 佳乃,中島 啓光,小川 亮"
2022/3/26 11:20,"木3,木4",前期前,1,物理学実験(a)/再・物理学実験(a)→物理学実験(a)/再・物理学実験(1),saa134309,"物理学実験室(62H),11D,物理学実験室(62H),11D",対象[**-21]/対象[建築都市デザイン学部:20-20],"電通DEF,原子,共通基礎",,"西村 太樹,綿引 隆文,右近 修治,佐々田博之,田中 美枝子,手束 文子,三原 国子,中島 啓光,小川 亮"
2022/3/26 11:20,"木3,木4",前期後,1,物理学実験(b)/再・物理学実験(b)→物理学実験(b)/再・物理学実験(2),sab134310,"物理学実験室(62H),11D,物理学実験室(62H),11D",対象[**-21]/対象[建築都市デザイン学部:20-20],"電通DEF,原子,共通基礎",,"西村 太樹,綿引 隆文,右近 修治,佐々田博之,田中 美枝子,手束 文子,三原 国子,中島 啓光,小川 亮"
2022/3/26 11:20,"火1,火2",前期,1,再・物理学実験,saz312110,"物理学実験室(62H),1BB,物理学実験室(62H),1BB→物理学実験室(62H),1BB(1Q),13N(2Q),物理学実験室(62H),1BB(1Q),13N(2Q)",対象[19-**]/対象[理工学部:20-20],"建築,共通基礎",,"中村 正人,右近 修治,栗栖 牧生,三原 国子,金子 核,砂畑 浩樹,石原 正三,中島啓光,神谷 好郎"
2022/3/26 11:20,"金1,金2",後期前,1,物理学実験(a)/再・物理学実験(a)→物理学実験(a)/再・物理学実験(1),sba155101,,対象[**-21]/対象[建築都市デザイン学部:20-20],"応化,共通基礎",,"津村 耕司,浅野 恵美,岡 笑美,金子 核,栗栖 牧生,佐々田 博之,西川 浩之"
2022/3/26 11:20,"金1,金2",後期後,1,物理学実験(b)/再・物理学実験(b)→物理学実験(b)/再・物理学実験(2),sbb155102,,対象[**-21]/対象[建築都市デザイン学部:20-20],"応化,共通基礎",,"津村 耕司,浅野 恵美,岡 笑美,金子 核,栗栖 牧生,佐々田 博之,西川 浩之"
2022/3/26 11:20,"木3,木4",後期前,1,物理学実験(a)/再・物理学実験(a)→物理学実験(a)/再・物理学実験(1),sba174302,,対象[**-21]/対象[建築都市デザイン学部:20-20],"自然,共通基礎",,"西村 太樹,三原 国子,佐々田 博之,浅野恵美,手束 文子,田中 美枝子,栗栖 牧生"
2022/3/26 11:20,"木3,木4",後期後,1,物理学実験(b)/再・物理学実験(b)→物理学実験(b)/再・物理学実験(2),sbb174303,,対象[**-21]/対象[建築都市デザイン学部:20-20],"自然,共通基礎",,"西村 太樹,三原 国子,佐々田 博之,浅野恵美,手束 文子,田中 美枝子,栗栖 牧生"
2022/3/26 11:20,"火3,火4",後期前,1,物理学実験(a)/再・物理学実験(a)→物理学実験(a)/再・物理学実験(1),sba212308,,対象[**-21]/対象[建築都市デザイン学部:20-20],"情科,共通基礎",,"門多 顕司,浅野 恵美,金子 核,鈴木 ひろみ,高瀬 昇,西川 浩之,三原 国子,矢吹文昭"
2022/3/26 11:20,"火3,火4",後期後,1,物理学実験(b)/再・物理学実験(b)→物理学実験(b)/再・物理学実験(2),sbb212309,,対象[**-21]/対象[建築都市デザイン学部:20-20],"情科,共通基礎",,"門多 顕司,浅野 恵美,金子 核,鈴木 ひろみ,高瀬 昇,西川 浩之,三原 国子,矢吹文昭"
2022/3/26 11:20,"金3,金4",後期前,1,物理学実験(a)/再・物理学実験(a)→物理学実験(a)/再・物理学実験(1),sba225307,,対象[**-21]/対象[建築都市デザイン学部:20-20],"知能,共通基礎",,"須藤 誠一,浅野 恵美,西川 浩之,岡 笑美,金子 核,栗栖 牧生,未定"
2022/3/26 11:20,"金3,金4",後期後,1,物理学実験(b)/再・物理学実験(b)→物理学実験(b)/再・物理学実験(2),sbb225308,,対象[**-21]/対象[建築都市デザイン学部:20-20],"知能,共通基礎",,"須藤 誠一,浅野 恵美,西川 浩之,岡 笑美,金子 核,栗栖 牧生,未定"
2022/3/26 11:20,"火3,金3",後期前,1,再・物理学(1),sba162307,,対象[20-16]/対象[20-20]→対象[20-16],原子,,中島 啓光
2022/3/26 11:20,"火3,金3",後期後,1,再・物理学(2),sbb162309,,対象[20-16]/対象[20-20]→対象[20-16],原子,,中島 啓光
2022/3/26 11:20,,前集中,3,再・材料力学(3),saz127601,-,→対象[19-**],機シ,,秋田 貢一
2022/3/26 11:20,,前集中,3,再・流れ学(3),saz127602,-,→対象[19-**],機シ,,島野 健仁郎
2022/3/26 11:20,,後集中,2,再・電気回路及び演習,sbz127604,-,→対象[20-**],機シ,,田中 康寛
2022/3/26 11:20,,後集中,2,再・電気回路及び演習,sbz127605,-,→対象[20-**],機シ,,三宅 弘晃
2022/3/26 11:20,,前集中,1,再・技術日本語表現技法,saz127606,-,→対象[20-**],機シ,,渡邉 力夫
2022/3/26 11:20,,通年,4,再・卒業研究,szz127609,各研究室,→対象[18-**],機シ,,"宮坂 明宏,秋田 貢一,今福 宗行,島野 健仁郎,田中 康寛,野中 謙一郎,三宅 弘晃,熊谷 正芳,佐藤 大祐,関口 和真,渡邉 力夫,白鳥 英,土方 規実雄,藪井 将太"
2022/3/26 11:20,,後集中,2,再・電子回路,sbz127610,-,→対象[20-**],機シ,,田中 康寛
2022/3/26 11:20,"火2,金2→火1,金1",前期前,2,電気電子回路及び演習(b),saa122208,"1BM,1BM→11D,11D",対象[**-21],機シAB,,三宅 弘晃
2022/3/26 11:20,,前集中,3,再・熱力学(3),saz127615,-,→対象[19-**],機シ,,島野 健仁郎
2022/3/26 11:20,"火2,金2→火1,金1",前期前,2,電気電子回路及び演習(b),saa122209,"1BN,1BN→11E,11E",→対象[**-21],機シCD,,田中 康寛
2022/3/26 11:20,水1,前期,1,SD PBL(1),saz223101,"61C,13A,13B,13C,13D",/19-**:知識工学汎論,知能,,"森 博彦,塩本 公平,神野 健哉,田中 宏和,芝 正孝,穴田 一,岡 誠,兼子 毅,塩本 公平,神野 健哉,田中 宏和,桂 卓成,芝 正孝,穴田 一,岡 誠,兼子 毅→森 博彦,塩本 公平,神野 健哉,田中宏和,桂 卓成,芝 正孝,穴田 一,岡 誠,兼子 毅"
2022/3/26 11:20,水2,前期,2,SD PBL(2),saz223201,"61C,13A,13B,13C,13D",対象[**-20],知能,,"森 博彦,塩本 公平,神野 健哉,田中 宏和,芝 正孝,穴田 一,岡 誠,兼子 毅,塩本 公平,神野 健哉,田中 宏和,桂 卓成,芝 正孝,穴田 一,岡 誠,兼子 毅→森 博彦,塩本 公平,神野 健哉,田中宏和,桂 卓成,芝 正孝,穴田 一,岡 誠,兼子 毅"
2022/3/26 11:20,,後集中,3,英語論文読解,sbz227611,-,対象[**-19],知能,,"森 博彦,塩本 公平,神野 健哉,田中 宏和,芝 正孝,穴田 一,岡 誠,兼子 毅,塩本 公平,神野 健哉,田中 宏和,桂 卓成,芝 正孝,穴田 一,岡 誠,兼子 毅→森 博彦,塩本 公平,神野 健哉,田中宏和,桂 卓成,芝 正孝,穴田 一,岡 誠,兼子 毅"
2022/3/26 11:20,,後集中,3,事例研究,sbz227612,-,,知能,,"森 博彦,塩本 公平,神野 健哉,田中 宏和,芝 正孝,穴田 一,岡 誠,兼子 毅,塩本 公平,神野 健哉,田中 宏和,桂 卓成,芝 正孝,穴田 一,岡 誠,兼子 毅→森 博彦,塩本 公平,神野 健哉,田中宏和,桂 卓成,芝 正孝,穴田 一,岡 誠,兼子 毅"
2022/3/26 11:20,,前集中,4,卒業研究(1),saz227616,各研究室,対象[**-19],知能,,"森 博彦,塩本 公平,神野 健哉,田中 宏和,芝 正孝,穴田 一,岡 誠,兼子 毅,塩本 公平,神野 健哉,田中 宏和,桂 卓成,芝 正孝,穴田 一,岡 誠,兼子 毅→森 博彦,塩本 公平,神野 健哉,田中宏和,桂 卓成,芝 正孝,穴田 一,岡 誠,兼子 毅"
2022/3/26 11:20,,後集中,4,卒業研究(2),sbz227617,各研究室,対象[**-19],知能,,"森 博彦,塩本 公平,神野 健哉,田中 宏和,芝 正孝,穴田 一,岡 誠,兼子 毅,塩本 公平,神野 健哉,田中 宏和,桂 卓成,芝 正孝,穴田 一,岡 誠,兼子 毅→森 博彦,塩本 公平,神野 健哉,田中宏和,桂 卓成,芝 正孝,穴田 一,岡 誠,兼子 毅"
2022/3/26 11:20,,通年,4,再・卒業研究,szz227618,各研究室,対象[18-**],知能,,"森 博彦,塩本 公平,神野 健哉,田中 宏和,芝 正孝,穴田 一,岡 誠,兼子 毅,塩本 公平,神野 健哉,田中 宏和,桂 卓成,芝 正孝,穴田 一,岡 誠,兼子 毅→森 博彦,塩本 公平,神野 健哉,田中宏和,桂 卓成,芝 正孝,穴田 一,岡 誠,兼子 毅"
2022/3/26 11:20,"月4,木4",前期前,1→3,Computer Programing inRemote Sensing,saa321404,"1BB,1BB",,都市,特別講義,S・ランバット
2022/3/26 11:20,金4,前期,3,再・日本経済論,,横浜キャンパス,対象[**-20]→対象[19-**],共通教養,,鍛治 篤
2022/3/26 11:20,金4,前期前,3,日本経済論(a),,横浜キャンパス,対象[19-**]→対象[**-20],共通教養,,鍛治 篤
2022/3/26 11:20,金4,前期後,3,日本経済論(b),,横浜キャンパス,対象[19-**]→対象[**-20],共通教養,,鍛治 篤
2022/3/28 13:43,"火1,火2",前期前,3,子どもの音楽表現指導法,saa512104,"音楽室,ピアノ室,音楽室,ピアノ室→実習指導室,音楽室,実習指導室,音楽室",/18-**:幼児の音楽表現指導法,児童,,岩田 遵子
2022/3/29 11:28,(新規)→木2,(新規)→後期前,(新規)→2,(新規)→外国語特別講義(2a),(新規)→sba004235,(新規)→,(新規)→対象[\2-21],(新規)→共通外国語,(新規)→,(新規)→末田 美香子
2022/3/29 11:28,(新規)→木2,(新規)→後期後,(新規)→2,(新規)→外国語特別講義(2b),(新規)→sbb004236,(新規)→,(新規)→対象[\2-21],(新規)→共通外国語,(新規)→,(新規)→末田 美香子
2022/3/29 11:28,(新規)→木3,(新規)→前期前,(新規)→2,(新規)→外国語特別講義(2a),(新規)→saa004346,(新規)→12C,(新規)→対象[\2-21],(新規)→共通外国語,(新規)→,(新規)→末田 美香子
2022/3/29 11:28,(新規)→木3,(新規)→前期後,(新規)→2,(新規)→外国語特別講義(2b),(新規)→sab004347,(新規)→11F,(新規)→対象[\2-21],(新規)→共通外国語,(新規)→,(新規)→末田 美香子
2022/3/29 18:26,,前集中,3,再・ネットワークセキュリティと管理→再・ネットワークセキュリティと管理/ネットワークセキュリティと管理,saz297606,-,対象[18-**]→対象[18-**]/対象[**-20],"通信→通信,知能",,林 正博
2022/3/31 10:26,木5,前期,3,情報教育法(1),saz004504,12M→12L,,共通教職,,安井 浩之
2022/3/31 10:26,金4,前期前,1,情報リテラシー演習(a),saa155401,12L→12M,対象[\1-\1],応化,,山口 勝己
2022/3/31 10:26,金4,前期後,1,情報リテラシー演習(b),sab155402,12L→12N,対象[\1-\1],応化,,山口 勝己
2022/3/31 10:26,金4,前期前,1,情報リテラシー演習(a),saa165401,12M→12L,対象[\1-\1],原子,,千葉 邦子
2022/3/31 10:26,金3,前期前,1,情報リテラシー演習(a),saa315301,12L→12M,対象[\1-\1],建築AB,,山口 勝己
2022/3/31 10:26,金3,前期後,1,情報リテラシー演習(b),sab315302,12L→12N,対象[\1-\1],建築AB,,山口 勝己
2022/3/31 10:26,金3,前期前,1,情報リテラシー演習(a),saa315303,12M→12L,対象[\1-\1],建築CD,,千葉 邦子
2022/3/31 10:26,木5→金5,前期前,2,再・プログラミング基礎(a),saa004519,12L→12M,"対象[理工学部(自然を除く):\2-21,建築都市デザイン学部:\2-20]",共通基礎,,山口 勝己
2022/3/31 10:26,木5→金5,前期後,2,再・プログラミング基礎(b),sab004520,12L→12N,"対象[理工学部(自然を除く):\2-21,建築都市デザイン学部:\2-20]",共通基礎,,山口 勝己
2022/3/31 10:26,木5→金5,前期,2,再・プログラミング基礎,saz004521,"12L→12M(1Q),12N(2Q)","対象[理工学部(自然を除く);20-20,工学部:19-**]",共通基礎,,山口 勝己
2022/4/1 12:58,月1→(削除),前期→(削除),2→(削除),応用体育(2)→(削除),saz001126→(削除),-→(削除),→(削除),共通体育→(削除),→(削除),"栗原 祐二,山口 良博→(削除)"
2022/4/1 12:58,月1→(削除),前期→(削除),2→(削除),応用体育(1)→(削除),saz001125→(削除),-→(削除),→(削除),共通体育→(削除),→(削除),"栗原 祐二,山口 良博→(削除)"
2022/4/1 12:58,"月5,木5",前期,2,再・機械工学実験(1),saz111502,"機械系実験室(63B),機械系実験室(63B)→機械系実験室(63B),31B,機械系実験室(63B),31B",対象[20-**],機械,,"冨士原 民雄,杉町 敏之,及川 昌訓"
2022/4/1 12:58,"月3,月4→火3,火4",後期前,1,マルチメディア情報処理特論,smba100031,,対象[10情報],院総,,杉本 達應
2022/4/5 10:39,"火1,金1",前期前,2,分子構造論/再・化学(3),saa172110,"61C,61C","対象[20-**]/17-**:分子構造論/対象[理工学部(自然以外),工学部]→対象[20-**]/17-**:分子構造論/対象[理工学部(自然以外):20-20,工学部:19-**]/17-**:分子構造論","自然,医用,応化,共通基礎",,吉田 真史
2022/4/5 10:39,"月1,木1",後期後,2,生命の化学→生命の化学/再・化学(4),sbb171106,,"対象[理工学部(自然以外),工学部]→対象[理工学部(自然以外),工学部]/17-**:生命の化学","自然,共通基礎",,吉田 真史
2022/4/5 10:39,金3→金2,前期前,2,Language Sciences(1a),saa005352,1BF→1BB,対象[\2-20],共通外国語,,三幣 友行
2022/4/5 10:39,金3→金2,前期後,2,Language Sciences(1b),sab005354,1BF→1BB,対象[\2-20],共通外国語,,三幣 友行
2022/4/5 10:39,金3→金2,前期,2,再・Language Sciences(1),saz005350,1BF→1BB,対象[19-**],共通外国語,,三幣 友行
2022/4/5 10:39,金2→金3,後期前,2,Grammar(2a),sba005346,,対象[\2-20],共通外国語,,三幣 友行
2022/4/5 10:39,金2→金3,後期後,2,Grammar(2b),sbb005348,,対象[\2-20],共通外国語,,三幣 友行
2022/4/5 10:39,金2→金3,後期,2,再・Grammar(2),sbz005344,,対象[19-**],共通外国語,,三幣 友行
2022/4/5 10:39,金2→金3,前期前,2,Grammar(2a),saa005347,1BB→1BF,対象[\2-20],共通外国語,,三幣 友行
2022/4/5 10:39,金2→金3,前期後,2,Grammar(2b),sab005349,1BB→1BF,対象[\2-20],共通外国語,,三幣 友行
2022/4/5 10:39,金2→金3,前期,2,再・Grammar(2),saz005345,1BB→1BF,対象[19-**],共通外国語,,三幣 友行
2022/4/5 10:39,金3→金2,後期前,2,Language Sciences(1a),sba005353,,対象[\2-20],共通外国語,,三幣 友行
2022/4/5 10:39,金3→金2,後期後,2,Language Sciences(1b),sbb005355,,対象[\2-20],共通外国語,,三幣 友行
2022/4/5 10:39,金3→金2,後期,2,再・Language Sciences(1),sbz005351,,対象[19-**],共通外国語,,三幣 友行
2022/4/5 10:39,金4,前期前,1,情報リテラシー演習(a),saa155401,12M,対象[\1-\1],"応化→応化,原子",,山口 勝己
2022/4/5 10:39,金4,前期後,1,情報リテラシー演習(b),sab155402,12N,対象[\1-\1],"応化→応化,原子",,山口 勝己
2022/4/5 10:39,金4,前期前,1,情報リテラシー演習(a),saa165401,12L,対象[\1-\1],"原子→原子,応化",,千葉 邦子
2022/4/5 10:39,金4,前期後,1,情報リテラシー演習(b),sab165402,12M,対象[\1-\1],"原子→原子,応化",,千葉 邦子
2022/4/5 10:39,"月2,木2",前期後,1,データサイエンスリテラシー(1),sab111209,"21C,21C",対象[**-20]→対象[**-20]/対象[**-21],"機械→機械,情科,知能",,河合 孝純
2022/4/5 10:39,"月2,木2→(削除)",前期後→(削除),1→(削除),データサイエンスリテラシー(1)→(削除),sab211210→(削除),"22A,22A→(削除)",対象[**-21]→(削除),"情科,知能→(削除)",→(削除),高橋 弘毅→(削除)
2022/4/5 10:39,"月5,木5",前期,2,再・機械工学実験(1),saz111502,"機械系実験室(63B),31B,機械系実験室(63B),31B→31B,31B",対象[20-**],機械,,"冨士原 民雄,杉町 敏之,及川 昌訓"
2022/4/5 10:39,火3,前期前,1,情報リテラシー演習(a),saa172305,12A,対象[**-21]→対象[**-\1],自然,,西村 太樹
2022/4/5 10:39,金3,前期前,1,情報リテラシー演習(b),saa175301,12A,対象[**-21]→対象[**-\1],自然,,西村 太樹
2022/4/5 10:39,(新規)→,(新規)→前集中,(新規)→1,(新規)→情報リテラシー演習(a),(新規)→saz177616,(新規)→-,(新規)→対象[\2-21],(新規)→自然,(新規)→,(新規)→西村 太樹
2022/4/5 10:39,(新規)→,(新規)→前集中,(新規)→1,(新規)→情報リテラシー演習(b),(新規)→saz177617,(新規)→-,(新規)→対象[\2-21],(新規)→自然,(新規)→,(新規)→西村 太樹
2022/4/5 11:01,"月1,木1",後期後,2,生命の化学/再・化学(4)→生命の化学/再・化学(4),sbb171106,,"対象[理工学部(自然以外),工学部]/17-**:生命の化学","自然,共通基礎",,吉田 真史
2022/4/5 12:23,"月1,木1",前期前,1,物理学(1)/再・物理学(1)→物理学(1),saa211108,"1BN,1BN",対象[18-**]→,"情科国際,知能国際",,砂畑 浩樹
2022/4/5 12:23,,前集中,1,情報リテラシー演習(a)→再・情報リテラシー演習(a),saz177616,-,対象[\2-21],自然,,西村 太樹
2022/4/5 12:23,,前集中,1,情報リテラシー演習(b)→再・情報リテラシー演習(b),saz177617,-,対象[\2-21],自然,,西村 太樹
2022/4/5 14:16,"火2,木2→火2,木1",前期後,2,電子回路,sab132204,"22C,22C",,電通,,傘 昊
2022/4/5 14:16,,後集中,2,幼稚園教育実習(1),sbz517001,-,,児童,,"→大塚 習平,木内 英実"
2022/4/5 14:16,,後集中,3,幼稚園教育実習(2),sbz517002,-,,児童,,"→大塚 習平,木内 英実"
2022/4/5 17:48,(新規)→,(新規)→前集中,(新規)→3,(新規)→再・情報リテラシー,(新規)→saz217607,"(新規)→-,12A,12J",(新規)→,(新規)→情科,(新規)→,"(新規)→張 英夏,相原 研輔"
2022/4/6 9:24,"月1,水1",前期前,2,通信工学,saa131101,"11C,11C",対象[20-18]→対象[**-18],電通,,佐和橋 衛
2022/4/6 12:14,,前集中,3,再・情報リテラシー,saz217607,"-,12A,12J→-",,情科,,"張 英夏,相原 研輔"
2022/4/6 12:49,"火1,火2",後期,3,人間情報システム演習,sbz222104,,/18-15:人間中心設計演習,知能,→都合により後期開講,岡 誠
2022/4/6 18:16,"火1,金1",前期前,2,分子構造論/再・化学(3)/再・化学(3)/再・化学(3)→分子構造論/再・化学(3)/再・分子構造論/再・化学(3),saa172110,"61C,61C","対象[20-**]/17-**:分子構造論//17-**:分子構造論/対象[理工学部(自然以外):20-20,工学部:19-**]/17-**:分子構造論→対象[20-**]/17-**:分子構造論//20-18:分子構造論/対象[理工学部(自然以外):20-20,工学部:19-**]/17-**:分子構造論","自然,医用,応化,共通基礎",,吉田 真史
2022/4/6 15:43,"月4,木4→(削除)",後期後→(削除),2→(削除),再・材料加工学(1)→(削除),sbb111404→(削除),→(削除),対象[20-**]→(削除),機械→(削除),→(削除),亀山 雄高→(削除)
2022/4/7 9:47,木3,前期,2,再・Literature inEnglish(2),saz004331,12P,対象[19-**]→対象[19-19],共通外国語,,水戸 俊介
2022/4/7 9:47,木2,前期,2,再・Grammar(2),saz004215,1BP,対象[19-**]→対象[19-19],共通外国語,,沢村 静
2022/4/7 9:47,火4,前期,2,再・Basic EnglishTraining,saz002413,13M,対象[19-**]→対象[19-19],共通外国語,,鴨下 恵子
2022/4/7 9:47,火5,前期,2,再・Basic EnglishTraining,saz002506,13M,対象[19-**]→対象[19-19],共通外国語,,鴨下 恵子
2022/4/7 9:47,月2,前期,2,再・日本語表現,saz003403,1BE,対象[19-**]→対象[19-19],共通外国語,,村田 朋美
2022/4/7 9:47,木4,後期,2,再・Academic English(3),sbz004405,,対象[19-**]→対象[19-19],共通外国語,,岡野 恵
2022/4/7 9:47,金2,前期,2,再・Language Sciences(1),saz005350,1BB,対象[19-**]→対象[19-19],共通外国語,,三幣 友行
2022/4/7 9:47,金3,前期,2,再・Test Taking Skills(2),saz005356,1BE,対象[19-**]→対象[19-19],共通外国語,,稲垣 亜希子
2022/4/7 9:47,金2,後期,2,再・Global Culture(2),sbz005234,,対象[19-**]→対象[19-19],共通外国語,,植野 貴志子
2022/4/7 9:47,木3,後期,2,再・Literature inEnglish(2),sbz004332,,対象[19-**]→対象[19-19],共通外国語,,水戸 俊介
2022/4/7 9:47,木2,後期,2,再・Grammar(2),sbz004216,,対象[19-**]→対象[19-19],共通外国語,,沢村 静
2022/4/7 9:47,火4,後期,2,再・Basic EnglishTraining,sbz002414,,対象[19-**]→対象[19-19],共通外国語,,鴨下 恵子
2022/4/7 9:47,水1,後期,2,再・Basic EnglishTraining,sbz003109,,対象[19-**]→対象[19-19],共通外国語,,丸山 令子
2022/4/7 9:47,水1,後期,2,再・Test Taking Skills(3),sbz003115,,対象[19-**]→対象[19-19],共通外国語,,畑 和樹
2022/4/7 9:47,水2,後期,2,再・Language Sciences(2),sbz003234,,対象[19-**]→対象[19-19],共通外国語,,畑 和樹
2022/4/7 9:47,金3,後期,2,再・Grammar(2),sbz005344,,対象[19-**]→対象[19-19],共通外国語,,三幣 友行
2022/4/7 9:47,水2,後期,2,再・Basic EnglishTraining,sbz003216,,対象[19-**]→対象[19-19],共通外国語,,丸山 令子
2022/4/7 9:47,木3,前期,2,再・Grammar(2),saz004325,1BP,対象[19-**]→対象[19-19],共通外国語,,沢村 静
2022/4/7 9:47,金3,前期,2,再・Grammar(2),saz005345,1BF,対象[19-**]→対象[19-19],共通外国語,,三幣 友行
2022/4/7 9:47,木3,後期,2,再・Grammar(2),sbz004326,,対象[19-**]→対象[19-19],共通外国語,,沢村 静
2022/4/7 9:47,月2,前期,2,再・Literature inEnglish(2),saz001236,1BF,対象[19-**]→対象[19-19],共通外国語,,秋山 義典
2022/4/7 9:47,月2,後期,2,再・Literature inEnglish(2),sbz001237,,対象[19-**]→対象[19-19],共通外国語,,秋山 義典
2022/4/7 9:47,金2,後期,2,再・Language Sciences(1),sbz005351,,対象[19-**]→対象[19-19],共通外国語,,三幣 友行
2022/4/7 9:47,木1,前期,2,再・Test Taking Skills(2),saz004107,12G,対象[19-**]→対象[19-19],共通外国語,,中村 優子
2022/4/7 9:47,木2,前期,2,再・Test Taking Skills(2),saz004221,12G,対象[19-**]→対象[19-19],共通外国語,,中村 優子
2022/4/7 9:47,木1,後期,2,再・Test Taking Skills(2),sbz004108,,対象[19-**]→対象[19-19],共通外国語,,中村 優子
2022/4/7 9:47,木2,後期,2,再・Test Taking Skills(2),sbz004222,,対象[19-**]→対象[19-19],共通外国語,,中村 優子
2022/4/7 9:47,木4,前期,2,再・Test Taking Skills(3),saz004432,1BE,対象[19-**]→対象[19-19],共通外国語,,岡野 恵
2022/4/7 9:47,金3,後期,2,再・Test Taking Skills(2),sbz005357,,対象[19-**]→対象[19-19],共通外国語,,稲垣 亜希子
2022/4/7 9:47,火1,後期,2,再・Test Taking Skills(2),sbz002105,,対象[19-**]→対象[19-19],共通外国語,,植野 貴志子
2022/4/7 9:47,火2,後期,2,再・Test Taking Skills(2),sbz002210,,対象[19-**]→対象[19-19],共通外国語,,植野 貴志子
2022/4/7 9:47,火1,前期,2,再・Test Taking Skills(2),saz002106,1BC,対象[19-**]→対象[19-19],共通外国語,,植野 貴志子
2022/4/7 9:47,火2,前期,2,再・Test Taking Skills(2),saz002211,1BC,対象[19-**]→対象[19-19],共通外国語,,植野 貴志子
2022/4/7 9:47,月2,後期,2,再・日本語表現,sbz001249,,対象[19-**]→対象[19-19],共通外国語,,村田 朋美
2022/4/8 12:24,"火2,金2",前期前,1,視覚芸術史(1),saa002201,"21C,21C→21C,12N",,共通教養,,岡山 理香
2022/4/8 12:24,"月1,木1",前期前,3,技術者倫理,saa121104,"13Q,13Q→21C,21C",,機シ,,"田中 康寛,今福 宗行,秋田 貢一,渡邉 力夫,白鳥 英"
2022/4/8 12:24,"火1,火2",後期,3,人間情報システム演習,sbz222104,,/18-15:人間中心設計演習,知能→知能一般,都合により後期開講,岡 誠
2022/4/8 12:24,(新規)→,(新規)→後集中,(新規)→3,(新規)→人間情報システム演習,(新規)→sbz227622,(新規)→,(新規)→対象[20-19],(新規)→知能国際,(新規)→都合により後期開講,(新規)→岡 誠
2022/4/8 12:24,月4,前期,3,地盤と基礎,saz311401,"12K→1BC,1BD",,建築,,沼上 清
2022/4/8 12:24,"月1,月2",前期後,2,インテリアデザインと実務,sab411101,"22C,22C→71B,71B",,都生,,高柳 英明
2022/4/8 12:24,"木4,木5",前期,3,プロジェクト演習(1),saz414401,"74L,74L→74A,74A",,都生,,中島 伸
2022/4/8 12:24,水1,前期,1,基礎ゼミ,saz513104,12G→73A,,児童,,泉 秀生
2022/4/8 12:24,水1,前期,1,基礎ゼミ,saz513108,12K→13F,,児童,,松橋 圭子
2022/4/8 12:24,水2,通年,3,特別研究,szz513206,12G→73A,,児童,,泉 秀生
2022/4/8 12:24,水2,通年,3,特別研究,szz513211,12K→13F,,児童,,松橋 圭子
2022/4/8 15:44,"火2,金2",前期前,2,再・電磁気学基礎/再・電磁気学基礎/再・電磁気学基礎/再・電磁気学基礎/再・電磁気学基礎/再・電磁気学基礎/再・電磁気学基礎/再・電磁気学基礎/再・電磁気学基礎→再・電磁気学基礎/再・電磁気学基礎/再・電磁気学基礎/再・電磁気学基礎/再・電磁気学基礎/再・電磁気学基礎/電磁気学基礎/電磁気学基礎/再・電磁気学基礎,saa112210,"1BA,1BA",対象[20-**]/15-**:物理学(3)/対象[20-**]/15-**:物理学(3)/対象[20-**]/対象[20-**]/15-**:物理学(3)/対象[20-**]/対象[20-**]/15-**:物理学(3)/対象[20-**]/15-**:物理学(3)/対象[20-**]/対象[18-**]/15-14:物理学(3)→対象[20-**]/15-**:物理学(3)/対象[20-**]/15-**:物理学(3)/対象[20-**]/対象[20-**]/15-**:物理学(3)/対象[20-**]/対象[20-**]/15-**:物理学(3)/対象[**-20]/対象[**-20]/対象[18-**]/15-14:物理学(3),"機械,機シ,電通,医用,応化,自然,建築,都市,通信",,大野 玲
2022/4/8 15:59,火2→火3,前期,2,再・数理統計学,saz132202,1BP,対象[20-**],電通,,林 正博
2022/4/8 15:59,,前集中,2,電子回路,saz137601,,→対象[**-21],電通国際,,傘 昊
2022/4/11 13:31,"月3,木3",前期前,2,微分方程式論,saa111307,"1BB,1BB→61B,61B",,機械,,岸本 喜直
2022/4/12 10:32,火3,前期,2,再・数理統計学,saz132202,"1BP→11D(1Q),1BP(2Q)",対象[20-**],電通,,林 正博
2022/4/12 10:32,火3,前期前,2,数理統計学(a),saa132301,1BP→11D,対象[**-21],電通,,林 正博
2022/4/12 10:32,"(新規)→火3,火4",(新規)→前期前,(新規)→1,(新規)→建築設計演習,(新規)→smaa2301,(新規)→ワークショップルームD,(新規)→,(新規)→院環,(新規)→,"(新規)→川口 英俊,高柳 英明"
2022/4/12 10:32,"(新規)→木2,木3",(新規)→前期前,(新規)→1,(新規)→都市のリサーチメソッド演習,(新規)→smaa4201,(新規)→13G,(新規)→,(新規)→院環,(新規)→,"(新規)→西山 敏樹,橋本 倫明,北見 幸一"
2022/4/12 10:32,"(新規)→月3,月4",(新規)→前期後,(新規)→1,(新規)→都市デザイン特論,(新規)→smab1301,(新規)→都市フォーラム,(新規)→,(新規)→院環,(新規)→,"(新規)→川口 英俊,中島 伸"
2022/4/12 10:32,"(新規)→火3,火4",(新規)→前期後,(新規)→1,(新規)→建築デザイン特論,(新規)→smab2301,(新規)→ワークショップルームD,(新規)→,(新規)→院環,(新規)→,"(新規)→高柳 英明,中島 伸"
2022/4/12 10:32,"(新規)→水1,水2",(新規)→前期後,(新規)→1,(新規)→都市のアクションリサーチ,(新規)→smab3101,(新規)→ワークショップルームD,(新規)→,(新規)→院環,(新規)→,"(新規)→坂倉 杏介,末繁 雄一"
2022/4/12 10:32,"(新規)→木1,木2",(新規)→前期後,(新規)→1,(新規)→都市経営特論,(新規)→smab4101,(新規)→ワークショップルームD,(新規)→,(新規)→院環,(新規)→,"(新規)→北見 幸一,川口 和英,永江 総宜"
2022/4/12 10:32,(新規)→金2,(新規)→前期,(新規)→1,(新規)→Academic Presentations,(新規)→smaz5201,(新規)→ワークショップルームD,(新規)→,(新規)→院環,(新規)→,(新規)→植野 貴志子
2022/4/12 10:32,"(新規)→金2,金3",(新規)→後期前,(新規)→1,(新規)→グローバル都市ビジネス特論,(新規)→smba5201,(新規)→,(新規)→,(新規)→院環,(新規)→,"(新規)→宇都 正哲,沖浦 文彦,太田 明"
2022/4/12 10:32,"(新規)→月1,月2",(新規)→後期後,(新規)→1,(新規)→都市システム特論,(新規)→smbb1101,(新規)→,(新規)→,(新規)→院環,(新規)→,"(新規)→西山 敏樹,林 和眞,齋藤 圭"
2022/4/12 10:32,"(新規)→木2,木3",(新規)→後期後,(新規)→1,(新規)→都市プランニング特論,(新規)→smbb4201,(新規)→,(新規)→,(新規)→院環,(新規)→,"(新規)→明石 達生,坂井 文,諫川 輝之"
2022/4/12 10:32,(新規)→金1,(新規)→後期後,(新規)→1,(新規)→キャリアデザイン,(新規)→smbb5101,(新規)→,(新規)→,(新規)→院環,(新規)→,(新規)→永江 総宜
2022/4/12 10:32,(新規)→火3,(新規)→後期,(新規)→1,(新規)→Academic Paper Writing,(新規)→smbz2301,(新規)→,(新規)→,(新規)→院環,(新規)→,(新規)→植野 貴志子
2022/4/12 11:03,"火3,火4",前期前,1,建築設計演習,smaa2301,"ワークショップルームD→ワークショップルームD,ワークショップルームD",,院環,,"川口 英俊,高柳 英明"
2022/4/12 11:03,"木2,木3",前期前,1,都市のリサーチメソッド演習,smaa4201,"13G→13G,13G",,院環,,"西山 敏樹,橋本 倫明,北見 幸一"
2022/4/12 11:03,"月3,月4",前期後,1,都市デザイン特論,smab1301,"都市フォーラム→都市フォーラム,都市フォーラム",,院環,,"川口 英俊,中島 伸"
2022/4/12 11:03,"火3,火4",前期後,1,建築デザイン特論,smab2301,"ワークショップルームD→ワークショップルームD,ワークショップルームD",,院環,,"高柳 英明,中島 伸"
2022/4/12 11:03,"水1,水2",前期後,1,都市のアクションリサーチ,smab3101,"ワークショップルームD→ワークショップルームD,ワークショップルームD",,院環,,"坂倉 杏介,末繁 雄一"
2022/4/12 11:03,"木1,木2",前期後,1,都市経営特論,smab4101,"ワークショップルームD→ワークショップルームD,ワークショップルームD",,院環,,"北見 幸一,川口 和英,永江 総宜"
2022/4/12 14:25,木4,前期後,3,建築音響学,sab314401,1BC,→対象[**-20],建築,,井上 諭
2022/4/12 14:56,"火1,金1",前期前,2,分子構造論/再・化学(3)/再・分子構造論/再・化学(3),saa172110,"61C,61C","対象[20-**]/17-**:分子構造論//20-18:分子構造論/対象[理工学部(自然以外):20-20,工学部:19-**]/17-**:分子構造論→対象[20-**]/17-**:分子構造論//20-18:化学(3)/対象[理工学部(自然以外):20-20,工学部:19-**]/17-**:分子構造論","自然,医用,応化,共通基礎",,吉田 真史
2022/4/12 15:19,火5,後期,1,再・TOEIC Preparation,sbz002517,,対象[19-**]→対象[18-**],共通外国語,,鴨下 恵子
2022/4/12 15:19,,前集中,2,外国語特別講義(1a),saz007620,-,対象[\2-20]/20-20外国語特別講義(a)→対象[\2-20]/20-20:外国語特別講義(a),共通外国語,,日高 正司
2022/4/12 15:19,,前集中,2,外国語特別講義(1b),saz007621,-,対象[\2-20]/20-20外国語特別講義(b)→対象[\2-20]/20-20:外国語特別講義(b),共通外国語,,日高 正司
2022/4/12 15:19,,前集中,1,再・Reading andWriting(1),saz007613,-,対象[\2-20]→対象[19-**],共通外国語,,及川 邦裕
2022/4/12 15:19,,後集中,1,再・Reading andWriting(2),sbz007616,-,対象[\2-20]→対象[19-**],共通外国語,,及川 邦裕
2022/4/12 15:19,,後集中,2,外国語特別講義(1a),sbz007623,-,対象[\2-20]/20-20外国語特別講義(a)→対象[\2-20]/20-20:外国語特別講義(a),共通外国語,,日高 正司
2022/4/12 15:19,,後集中,2,外国語特別講義(1b),sbz007624,-,対象[\2-20]/20-20外国語特別講義(b)→対象[\2-20]/20-20:外国語特別講義(b),共通外国語,,日高 正司
2022/4/12 15:19,"月2,木2",後期後,3,音響工学/音響工学/音響工学→音響工学/音響工学,sbb141204,,,"医用,機シ,電通→医用,電通",,桐生 昭吾
2022/4/12 15:19,"水1,水2",後期前,2,再・建築構法(2),sba313106,,対象[19-**]→対象[19-**]//15-**:建築各部構法,建築,,小見 康夫
2022/4/12 15:46,火4,前期,2,再・数理統計学/再・数理統計学/再・数理統計学,saz112403,1BL,対象[20-**]/対象[20-**]/対象[20-**]→対象[20-**]/対象[20-**]/対象[20-20],"機械,応化,自然",,出耒 光夫
2022/4/12 15:46,"火2,金2",前期前,2,再・電磁気学基礎/再・電磁気学基礎/再・電磁気学基礎/再・電磁気学基礎/再・電磁気学基礎/再・電磁気学基礎/電磁気学基礎/電磁気学基礎/再・電磁気学基礎,saa112210,"1BA,1BA",対象[20-**]/15-**:物理学(3)/対象[20-**]/15-**:物理学(3)/対象[20-**]/対象[20-**]/15-**:物理学(3)/対象[20-**]/対象[20-**]/15-**:物理学(3)/対象[**-20]/対象[**-20]/対象[18-**]/15-14:物理学(3)→対象[20-**]/15-**:物理学(3)/対象[20-**]/15-**:物理学(3)/対象[20-**]/対象[20-**]/15-**:物理学(3)/対象[20-**]/対象[20-20]/対象[**-20]/対象[**-20]/対象[18-**]/15-14:物理学(3),"機械,機シ,電通,医用,応化,自然,建築,都市,通信",,大野 玲
2022/4/12 15:46,火1,前期,1,知的財産/知的財産/知的財産,saz112102,1BL,→対象[**-21],"機械,機シ,電通",,伊藤 剣太
2022/4/12 15:46,水2,前期,4,ロボット工学/ロボット工学,saz113201,11F,→対象[14-**],"機械,情科",,霜野 慧亮
2022/4/12 15:46,"月1,火1",前期後,2,デジタル通信方式/再・デジタル通信方式,sab131102,"22B,22B",対象[**-18]/20-18:ディジタル通信方式/対象[18-**]/20-18:ディジタル通信方式→対象[**-18]/20-18:ディジタル通信方式/対象[18-**],"電通,通信",,佐和橋 衛
2022/4/12 15:46,"金3,金4",後期前,3,電気電子通信技術英語(2)/再・情報通信技術英語(2),sba135301,,対象[**-18]/対象[18-**]→対象[**-19]/対象[18-**],"電通,通信",,杉浦 綾子
2022/4/12 15:46,"金3,金4",前期,2,再・福祉ロボット工学及び実習,saz145301,"2号館学生実験室,2号館学生実験室",→対象[20-**],医用,,"和多田 雅哉,桃沢 愛"
2022/4/12 15:46,"月2,木2",前期,2,再・医用電磁気学及び演習,saz141202,"11C(1Q),12N(2Q),11E(1Q),12N(2Q)",/18-**:電磁気学及び演習→対象[20-**]/18-**:電磁気学及び演習,医用,,桐生 昭吾
2022/4/12 15:46,"火2,金2",後期前,2,プログラミング応用/プログラミング応用/プログラミング応用/プログラミング応用→プログラミング応用/プログラミング応用/プログラミング応用,sba142205,,,"医用,電通,応化,原子→医用,電通,原子",,京相 雅樹
2022/4/12 15:46,"金3,金4",後期,2,再・生理学及び実習,sbz145302,,→対象[20-**],医用,,"京相 雅樹,島谷 祐一,小林 千尋,桐生 昭吾"
2022/4/12 15:46,"月4,木4",後期前,2,ディジタル回路/ディジタル回路→ディジタル回路,sba141403,,,"医用,機シ→医用",,桐生 昭吾
2022/4/12 15:46,"金3,金4",前期前,2,福祉ロボット工学及び実習(a),saa145303,"2号館学生実験室,2号館学生実験室",対象[**-20]→対象[**-21],医用,,"和多田 雅哉,桃沢 愛"
2022/4/12 15:46,"金3,金4",前期後,2,福祉ロボット工学及び実習(b),sab145304,"2号館学生実験室,2号館学生実験室",対象[**-20]→対象[**-21],医用,,"和多田 雅哉,桃沢 愛"
2022/4/12 15:46,"金3,金4",後期前,2,生理学及び実習(a),sba145305,,対象[**-20]→対象[**-21],医用,,"京相 雅樹,島谷 祐一,小林 千尋,桐生 昭吾"
2022/4/12 15:46,"金3,金4",後期後,2,生理学及び実習(b),sbb145306,,対象[**-20]→対象[**-21],医用,,"京相 雅樹,島谷 祐一,小林 千尋,桐生 昭吾"
2022/4/12 15:46,"月2,木2",前期前,2,医用電磁気学及び演習(a),saa141205,"11C,11E",対象[**-20]→対象[**-21],医用,,桐生 昭吾
2022/4/12 15:46,"月2,木2",前期後,2,医用電磁気学及び演習(b),sab141206,"12N,12N",対象[**-20]→対象[**-21],医用,,桐生 昭吾
2022/4/12 15:46,"金1,金2",前期後,3,専門キャリアデザイン/専門キャリアデザイン/再・専門キャリアデザイン,sab215101,"13B,13B",対象[18-**]→対象[19-**]/対象[18-**],"情科,自然,通信",,川上 誓
2022/4/12 15:46,土1,前期,3,情報社会と職業/情報社会と職業/情報社会と職業/再・情報社会と職業,saz216103,61A,対象[18-**]→対象[19-**]/対象[18-**],"情科,自然,知能,通信",,川上 誓
2022/4/12 15:46,金2,後期,2,再・情報社会と倫理/再・情報社会と倫理,sbz215203,,→対象[20-**]/対象[18-**],"情科,通信",都合により後期開講,田川 史朗
2022/4/12 15:46,"土1,土2",後期後,3,情報と特許/情報と特許/情報と特許/再・情報と特許,sbb216104,,対象[18-**]→対象[19-**]/対象[18-**],"情科,自然,知能,通信",,松野 広一
2022/4/12 15:46,"火1,金1",後期後,2,再・古典制御理論/再・古典制御理論,sbb212103,,対象[20-**]/対象[**-18]→対象[20-**]/対象[20-18],"情科,知能",,大屋 英稔
2022/4/12 15:46,金2,後期前,2,情報社会と倫理(a),sba215201,,→対象[**-21],情科,都合により後期開講,田川 史朗
2022/4/12 15:46,金2,後期後,2,情報社会と倫理(b),sbb215202,,→対象[**-21],情科,都合により後期開講,田川 史朗
2022/4/12 15:46,月2,前期,3,再・建築工学モデリング,saz311203,11B,/19-**:建築工学モデリング→対象[19-**],建築,,"近藤 靖史,岩下 剛,西村 功,焦 瑜"
2022/4/12 15:46,"月2,木2",前期前,3,都市交通計画/都市交通計画→都市交通計画,saa321201,"12L,12L",,"都市,建築→都市",,秋山 祐樹
2022/4/14 14:17,"火1,火2,金1,金2",後期前,1,物理学及び演習(1),sba322111,,対象[21-20]→対象[**-20],都市AB,,未定
2022/4/14 14:17,"火1,火2,金1,金2",後期前,1,物理学及び演習(1),sba322115,,対象[21-20]→対象[**-20],都市CD,,神谷 好郎
2022/4/14 14:17,"火2,金2",前期前,2,再・電磁気学基礎/再・電磁気学基礎/再・電磁気学基礎/再・電磁気学基礎/再・電磁気学基礎/再・電磁気学基礎/電磁気学基礎/電磁気学基礎/再・電磁気学基礎→再・電磁気学基礎/再・電磁気学基礎/再・電磁気学基礎/再・電磁気学基礎/再・電磁気学基礎/再・電磁気学基礎/再・電磁気学基礎/電磁気学基礎/電磁気学基礎/再・電磁気学基礎,saa112210,"1BA,1BA",対象[20-**]/15-**:物理学(3)/対象[20-**]/15-**:物理学(3)/対象[20-**]/対象[20-**]/15-**:物理学(3)/対象[20-**]/対象[20-20]/対象[**-20]/対象[**-20]/対象[18-**]/15-14:物理学(3)→対象[20-**]/15-**:物理学(3)/対象[20-**]/15-**:物理学(3)/対象[20-**]/対象[20-**]/15-**:物理学(3)/対象[20-**]/対象[20-**]/15-**:物理学(3)/対象[20-20]/対象[**-20]/対象[**-20]/対象[18-**]/15-14:物理学(3),"機械,機シ,電通,医用,応化,自然,建築,都市,通信→機械,機シ,電通,医用,応化,原子,自然,建築,都市,通信",,大野 玲
2022/4/14 14:17,"月2,火2",前期前,2,電気回路応用,saa131206,"13Q,13Q",対象[**-21]/20-**:電気回路(2)→/20-**:電気回路(2),電通,,鈴木 憲吏
2022/4/14 14:17,月4→月3,後期,1,再・応用化学総合演習,sbz151404,,対象[20-16]/エネルギー化学総合演習[17-16],応化,,"大野 哲也,堀田 芳生"
2022/4/14 14:17,月4→月3,後期前,1,応用化学総合演習(a),sba151402,,対象[**-21],応化,,"大野 哲也,堀田 芳生"
2022/4/14 14:17,月4→月3,後期後,1,応用化学総合演習(b),sbb151403,,対象[**-21],応化,,"大野 哲也,堀田 芳生"
2022/4/14 14:17,"水1,水2",前期,2,自然科学科実験及び演習,saz173101,"6号館共同実験室,12A,6号館共同実験室,12A",対象[**-20]→,自然,,"飯島 正徳,長田 剛,吉田 真史,須藤 誠一,中島 保寿,萩谷 宏,堀越 篤史,西村太樹,津村 耕司,中村 正人,高木 晋作"
2022/4/14 14:17,水1,前期,1,ゲーム制作で学ぶ製品開発ゼミナール,→yaz003101,横浜キャンパス,,共通教養,教養ゼミナール,宮地 英生
2022/4/14 14:17,火3,後期,1,スポーツと環境ゼミナール,→ybz002101,横浜キャンパス,,共通教養,教養ゼミナール,久保 哲也
2022/4/14 14:17,月2,後期,1,AIを活用した楽曲創作ゼミナール,→ybz002101,横浜キャンパス,,共通教養,教養ゼミナール,"大谷 紀子,岡部 大介"
2022/4/14 14:17,"月2,木2",前期後,1,心理学入門,→yab001201,横浜キャンパス,対象[**-14],共通教養,,森山 徹
2022/4/14 14:17,木2,後期前,1,倫理学(a),→yba004202,横浜キャンパス,対象[**-20],共通教養,,久野 真隆
2022/4/14 14:17,木2,後期後,1,倫理学(b),→ybb004201,横浜キャンパス,対象[**-20],共通教養,,久野 真隆
2022/4/14 14:17,木3,後期前,1,倫理学(a),→yba004302,横浜キャンパス,対象[**-20],共通教養,,久野 真隆
2022/4/14 14:17,木3,後期後,1,倫理学(b),→ybb004302,横浜キャンパス,対象[**-20],共通教養,,久野 真隆
2022/4/14 14:17,木2,後期,1,再・倫理学,→ybz004201,横浜キャンパス,対象[19-**],共通教養,,久野 真隆
2022/4/14 14:17,木3,後期,1,再・倫理学,→ybz004302,横浜キャンパス,対象[19-**],共通教養,,久野 真隆
2022/4/14 14:17,金4,前期,3,再・日本経済論,→yaz005401,横浜キャンパス,対象[19-**],共通教養,,鍛治 篤
2022/4/14 14:17,金4,前期前,3,日本経済論(a),→yaa005401,横浜キャンパス,対象[**-20],共通教養,,鍛治 篤
2022/4/14 14:17,金4,前期後,3,日本経済論(b),→yab005401,横浜キャンパス,対象[**-20],共通教養,,鍛治 篤
2022/4/14 14:17,火3,前期前,1,社会学入門(a),→yaa072301,横浜キャンパス,対象[**-20],共通教養,,牛膓 政孝
2022/4/14 14:17,火3,前期後,1,社会学入門(b),→yab072301,横浜キャンパス,対象[**-20],共通教養,,牛膓 政孝
2022/4/14 14:17,火3,前期,1,再・社会学入門,→yaz002301,横浜キャンパス,対象[19-**],共通教養,,牛膓 政孝
2022/4/14 14:17,火2,前期前,1,社会学入門(a),→yaa062202,横浜キャンパス,対象[**-20],共通教養,,牛膓 政孝
2022/4/14 14:17,火4,前期後,1,社会学入門(b),→yab062401,横浜キャンパス,対象[**-20],共通教養,,牛膓 政孝
2022/4/14 14:17,"火2前期前,火4前期後",前期,1,再・社会学入門,→yaz002201,横浜キャンパス,対象[19-**],共通教養,,牛膓 政孝
2022/4/14 14:17,木1,後期前,1,社会とジェンダー(a),→yba074101,横浜キャンパス,対象[**-20],共通教養,,渡邊 寛
2022/4/14 14:17,木1,後期後,1,社会とジェンダー(b),→ybb074101,横浜キャンパス,対象[**-20],共通教養,,渡邊 寛
2022/4/14 14:17,木1,後期,1,再・社会とジェンダー,→ybz004101,横浜キャンパス,対象[19-**],共通教養,,渡邊 寛
2022/4/14 14:17,木2,後期前,1,社会とジェンダー(a),→yba064201,横浜キャンパス,対象[**-20],共通教養,,渡邊 寛
2022/4/14 14:17,木2,後期後,1,社会とジェンダー(b),→ybb064201,横浜キャンパス,対象[**-20],共通教養,,渡邊 寛
2022/4/14 14:17,木2,後期,1,再・社会とジェンダー,→ybz004203,横浜キャンパス,対象[19-**],共通教養,,渡邊 寛
2022/4/14 14:17,"火3,金3",前期後,1,スポーツ・健康論,→yab062301,横浜キャンパス,,共通教養,,久保 哲也
2022/4/14 14:17,"火4,金4",前期後,1,スポーツ・健康論,→yab072401,横浜キャンパス,,共通教養,,久保 哲也
2022/4/18 13:16,"水1,水2→月2,木2",後期前,1,知能情報工学概論,sba223102,,/18-**:経営工学概論,知能,,田中 宏和
2022/4/19 12:40,"火1,火2→火3,火4",後期,3,人間情報システム演習,sbz222104,,/18-15:人間中心設計演習,知能一般,都合により後期開講,岡 誠
2022/4/19 16:08,火5,前期→後期,1,再・CommunicationSkills(2),saz002510,12B→,対象[\2-**],共通外国語,,大塩 真夕美
2022/4/19 16:08,木5,前期→後期,1,再・CommunicationSkills(2),saz004512,13K→,対象[\2-**],共通外国語,,高橋 比路史
2022/4/22 12:35,"土1,土2",後期前,2/1,地学実験(a)/地学実験(a)/地学実験(a)/地学実験(a),sba006104,,対象[理工学部(自然以外):**-21]/対象[情報工学部:**-21]/対象[**-21]/対象[**-21],"共通基礎,共通基礎,医用,自然",,"中島 保寿,萩谷 宏,加藤 潔,安井 万奈,清家 一馬,七山 太→中島 保寿,萩谷 宏,加藤 潔,安井 万奈,清家 一馬,七山 太,宮田 真也"
2022/4/22 12:35,"土1,土2",後期後,2/1,地学実験(b)/地学実験(b)/地学実験(b)/地学実験(b),sbb006105,,対象[理工学部(自然以外):**-21]/対象[情報工学部:**-21]/対象[**-21]/対象[**-21],"共通基礎,共通基礎,医用,自然",,"中島 保寿,萩谷 宏,加藤 潔,安井 万奈,清家 一馬,七山 太→中島 保寿,萩谷 宏,加藤 潔,安井 万奈,清家 一馬,七山 太,宮田 真也"
2022/4/22 12:35,"土1,土2",後期,2/1,再・地学実験/再・地学実験/再・地学実験/再・地学実験,sbz006106,,"対象[理工学部(自然以外):20-20,工学部:19-**]/対象[情報工学部:20-20,知識工学部:19-**]/対象[20-**]/対象[20-**]","共通基礎,共通基礎,医用,自然",,"中島 保寿,萩谷 宏,加藤 潔,安井 万奈,清家 一馬,七山 太→中島 保寿,萩谷 宏,加藤 潔,安井 万奈,清家 一馬,七山 太,宮田 真也"
2022/4/22 12:35,"土3,土4",後期前,2/1,地学実験(a)/地学実験(a)/地学実験(a)/地学実験(a),sba006306,,対象[理工学部(自然以外):**-21]/対象[情報工学部:**-21]/対象[**-21]/対象[**-21],"共通基礎,共通基礎,医用,自然",,"中島 保寿,萩谷 宏,加藤 潔,安井 万奈,清家 一馬,七山 太→中島 保寿,萩谷 宏,加藤 潔,安井 万奈,清家 一馬,七山 太,宮田 真也"
2022/4/22 12:35,"土3,土4",後期後,2/1,地学実験(b)/地学実験(b)/地学実験(b)/地学実験(b),sbb006307,,対象[理工学部(自然以外):**-21]/対象[情報工学部:**-21]/対象[**-21]/対象[**-21],"共通基礎,共通基礎,医用,自然",,"中島 保寿,萩谷 宏,加藤 潔,安井 万奈,清家 一馬,七山 太→中島 保寿,萩谷 宏,加藤 潔,安井 万奈,清家 一馬,七山 太,宮田 真也"
2022/4/22 12:35,"土3,土4",後期,2/1,再・地学実験/再・地学実験/再・地学実験/再・地学実験,sbz006308,,"対象[理工学部(自然以外):20-20,工学部:19-**]/対象[情報工学部:20-20,知識工学部:19-**]/対象[20-**]/対象[20-**]","共通基礎,共通基礎,医用,自然",,"中島 保寿,萩谷 宏,加藤 潔,安井 万奈,清家 一馬,七山 太→中島 保寿,萩谷 宏,加藤 潔,安井 万奈,清家 一馬,七山 太,宮田 真也"
2022/4/26 10:22,"木3,木4",後期後,3,ビジネスデータ分析演習,sbb224301,,/18-**:経営管理演習,知能,,"桂 卓成,岡田 公治→桂 卓成"
2022/4/26 12:47,"月3,月4→月5",後期前→後期,3,建築防災計画,sba311303,,,建築,,出口 嘉一
2022/4/27 14:44,"水1,水2",後期後,3,SD PBL(3),sbb213104,,対象[**-20],情科,,"→向井 信彦,荒井 秀一,大屋 英稔,田口亮,中野 秀洋,包 躍,兪 明連,横山 孝典,相原 研輔,陳 オリビア,張 英夏,新家稔央,延澤 志保,星 義克"
2022/4/28 15:38,"木3,木4",前期前,1,物理学実験(a)/物理学実験(a)/再・物理学実験(1),saa134309,"物理学実験室(62H),11D,物理学実験室(62H),11D",対象[**-21]/対象[**-21]/対象[建築都市デザイン学部:20-20],"電通DEF,原子,共通基礎",,"西村 太樹,綿引 隆文,右近 修治,佐々田博之,田中 美枝子,手束 文子,三原 国子,中島 啓光,小川 亮→西村 太樹,綿引 隆文,右近 修治,佐々田 博之,田中 美枝子,手束 文子,三原国子,中島 啓光,小川 亮,大野 玲"
2022/4/28 15:38,"木3,木4",前期後,1,物理学実験(b)/物理学実験(b)/再・物理学実験(2),sab134310,"物理学実験室(62H),11D,物理学実験室(62H),11D",対象[**-21]/対象[**-21]/対象[建築都市デザイン学部:20-20],"電通DEF,原子,共通基礎",,"西村 太樹,綿引 隆文,右近 修治,佐々田博之,田中 美枝子,手束 文子,三原 国子,中島 啓光,小川 亮→西村 太樹,綿引 隆文,右近 修治,佐々田 博之,田中 美枝子,手束 文子,三原国子,中島 啓光,小川 亮,大野 玲"
2022/4/28 15:38,"木3,木4",前期,1,再・物理学実験/再・物理学実験,saz134311,"物理学実験室(62H),11D,物理学実験室(62H),11D",対象[20-**]/対象[20-**],"電通,原子",,"西村 太樹,綿引 隆文,右近 修治,佐々田博之,田中 美枝子,手束 文子,三原 国子,中島 啓光,小川 亮→西村 太樹,綿引 隆文,右近 修治,佐々田 博之,田中 美枝子,手束 文子,三原国子,中島 啓光,小川 亮,大野 玲"
2022/4/28 16:55,"木3,木4",前期前,1,物理学実験(a)/物理学実験(a)/再・物理学実験(1),saa134309,"物理学実験室(62H),11D,物理学実験室(62H),11D",対象[**-21]/対象[**-21]/対象[建築都市デザイン学部:20-20],"電通DEF,原子,共通基礎",,"西村 太樹,綿引 隆文,右近 修治,佐々田博之,田中 美枝子,手束 文子,三原 国子,中島 啓光,小川 亮,大野 玲→西村 太樹,綿引 隆文,大野 玲,佐々田博之,田中 美枝子,手束 文子,三原 国子,中島 啓光,小川 亮"
2022/4/28 16:55,"木3,木4",前期後,1,物理学実験(b)/物理学実験(b)/再・物理学実験(2),sab134310,"物理学実験室(62H),11D,物理学実験室(62H),11D",対象[**-21]/対象[**-21]/対象[建築都市デザイン学部:20-20],"電通DEF,原子,共通基礎",,"西村 太樹,綿引 隆文,右近 修治,佐々田博之,田中 美枝子,手束 文子,三原 国子,中島 啓光,小川 亮,大野 玲→西村 太樹,綿引 隆文,大野 玲,佐々田博之,田中 美枝子,手束 文子,三原 国子,中島 啓光,小川 亮"
2022/4/28 16:55,"木3,木4",前期,1,再・物理学実験/再・物理学実験,saz134311,"物理学実験室(62H),11D,物理学実験室(62H),11D",対象[20-**]/対象[20-**],"電通,原子",,"西村 太樹,綿引 隆文,右近 修治,佐々田博之,田中 美枝子,手束 文子,三原 国子,中島 啓光,小川 亮,大野 玲→西村 太樹,綿引 隆文,大野 玲,佐々田博之,田中 美枝子,手束 文子,三原 国子,中島 啓光,小川 亮"
2022/5/12 9:29,,後集中,2,野外調査法及び実習(1),sbz177610,-,,自然,,"福田 達哉,萩谷 宏,中島 保寿,津村 耕司→福田 達哉,萩谷 宏,中島 保寿"
2022/5/12 9:29,"水1,水2",後期後,3,SD PBL(3),sbb173102,,対象[**-20],自然,,"長田 剛,津村 耕司→長田 剛,門多 顕司"
2022/5/17 15:15,金4,後期前,1,線形代数学(1a)/線形代数学(1a)/線形代数学(1a)/線形代数学(1a)/線形代数学(1a)/線形代数学(1a)/線形代数学(1a)/線形代数学(1a)/線形代数学(1a),sba115401,,対象[**-21]/対象[**-21]/対象[**-21]/対象[**-21]/対象[**-21]/対象[**-21]/対象[**-21]/対象[**-20]/対象[**-20],"機械,機シ,電通,医用,応化,原子,自然,建築,都市",,未定→大槻 玲
2022/5/17 15:15,金4,後期後,1,線形代数学(1b)/線形代数学(1b)/線形代数学(1b)/線形代数学(1b)/線形代数学(1b)/線形代数学(1b)/線形代数学(1b)/線形代数学(1b)/線形代数学(1b),sbb115402,,対象[**-21]/対象[**-21]/対象[**-21]/対象[**-21]/対象[**-21]/対象[**-21]/対象[**-21]/対象[**-20]/対象[**-20],"機械,機シ,電通,医用,応化,原子,自然,建築,都市",,未定→大槻 玲
2022/5/17 15:15,金4,後期,1,再・線形代数学(1)/再・線形代数学(1)/再・線形代数学(1)/再・線形代数学(1)/再・線形代数学(1)/再・線形代数学(1)/再・線形代数学(1)/再・線形代数学(1)/再・線形代数学(1),sbz115403,,対象[20-**]/対象[20-**]/対象[20-**]/対象[20-**]/対象[20-**]/対象[20-**]/対象[20-20]/対象[19-**]/対象[19-**],"機械,機シ,電通,医用,応化,原子,自然,建築,都市",,未定→大槻 玲
2022/5/17 15:15,金5,後期前,1,線形代数学(1a)/線形代数学(1a)/線形代数学(1a)/線形代数学(1a)/線形代数学(1a)/線形代数学(1a)/線形代数学(1a)/線形代数学(1a)/線形代数学(1a),sba115501,,対象[**-21]/対象[**-21]/対象[**-21]/対象[**-21]/対象[**-21]/対象[**-21]/対象[**-21]/対象[**-20]/対象[**-20],"機械,機シ,電通,医用,応化,原子,自然,建築,都市",,未定→大槻 玲
2022/5/17 15:15,金5,後期後,1,線形代数学(1b)/線形代数学(1b)/線形代数学(1b)/線形代数学(1b)/線形代数学(1b)/線形代数学(1b)/線形代数学(1b)/線形代数学(1b)/線形代数学(1b),sbb115502,,対象[**-21]/対象[**-21]/対象[**-21]/対象[**-21]/対象[**-21]/対象[**-21]/対象[**-21]/対象[**-20]/対象[**-20],"機械,機シ,電通,医用,応化,原子,自然,建築,都市",,未定→大槻 玲
2022/5/17 15:15,金5,後期,1,再・線形代数学(1)/再・線形代数学(1)/再・線形代数学(1)/再・線形代数学(1)/再・線形代数学(1)/再・線形代数学(1)/再・線形代数学(1)/再・線形代数学(1)/再・線形代数学(1),sbz115503,,対象[20-**]/対象[20-**]/対象[20-**]/対象[20-**]/対象[20-**]/対象[20-**]/対象[20-20]/対象[19-**]/対象[19-**],"機械,機シ,電通,医用,応化,原子,自然,建築,都市",,未定→大槻 玲
2022/6/9 9:25,水2,前期,4→4/3,ロボット工学/ロボット工学→ロボット工学/再・ロボット工学,saz113201,11F,対象[14-**],"機械,情科",,霜野 慧亮
2022/6/9 9:25,"火3,金3→木5,金5",前期後,2,生理学(2),sab142302,"13P,13P",,医用,,島谷 祐一
2022/7/7 15:18,"月1,木1",前期後,2,再・技術日本語表現技法/再・技術日本語表現技法/再・技術日本語表現技法→再・技術日本語表現技法/再・技術日本語表現技法,sab211103,"1BA,1BA",対象[20-**]/対象[19-**]/対象[18-**]→対象[19-**]/対象[18-**],"情科,自然,通信→自然,通信",,志田 晃一郎
2022/7/7 15:18,木4,前期後,3,情報セキュリティ→,sab214402,11B,対象[**-15]→,情科→,,志田 晃一郎
2022/7/7 15:18,"火1,火2→月3,月4",後期前,1,現代脳計算特論,smba100191,,対象[10情報/22以降入学生対象],院総,,田中 宏和
2022/7/7 15:18,金2→金1,後期,1,応用電気化学特論,smbz050011,,対象[5電気・化学],院総,,竹井 勝仁
2022/7/7 15:18,金3,後期,1,加速器学特論,smbz060191,→渋谷サテライトクラス,対象[6共同原子力],院総,早稲田開講,鷲尾 方一
2022/7/7 15:18,木2,後期,1,原子炉設計学特論,smbz060021,→渋谷サテライトクラス,対象[6共同原子力],院総,都市大開講,高木 直行
2022/7/7 15:18,木1→木4,後期,1,原子力安全学特論,smbz060041,→渋谷サテライトクラス,対象[6共同原子力],院総,都市大開講,"牟田 仁,鈴木 徹"
2022/7/7 15:18,月2,後期,1,原子炉熱流動学特論II,smbz060111,→渋谷サテライトクラス,対象[6共同原子力],院総,早稲田開講,"古谷 正裕,鈴木 徹"
2022/7/7 15:18,→火3,後集中→後期,1,核融合炉学特論,smbz060131,-→渋谷サテライトクラス,対象[6共同原子力],院総,都市大開講,未定
2022/7/7 15:18,月3,後期,1,原子炉計測特論,smbz060171,→渋谷サテライトクラス,対象[6共同原子力],院総,都市大開講,"羽倉 尚人,河原林 順"
2022/7/7 15:18,金2,後期,1,放射線情報処理特論,smbz060181,→渋谷サテライトクラス,対象[6共同原子力],院総,早稲田開講,"鷲尾 方一,鷹野 正利,片岡 淳,寄田 浩平"
2022/7/7 15:18,火1,後期,1,放射線管理・医学生物学特論,smbz060201,→渋谷サテライトクラス,対象[6共同原子力],院総,都市大開講,"松浦 治明,小西 輝昭"
2022/7/7 15:18,木3,後期,1,エネルギー政策学特論,smbz060221,→渋谷サテライトクラス,対象[6共同原子力],院総,早稲田開講,"穴山 悌三,古谷 正裕,村上 朋子"
2022/7/7 15:18,水4,後期,1,安全人間工学,smbz060231,→渋谷サテライトクラス,対象[6共同原子力],院総,早稲田開講,小松原 明哲
2022/7/7 15:18,火2,後期,1,原子力プラント工学・プラント制御特論,smbz060291,→渋谷サテライトクラス,対象[6共同原子力/19以降入学生対象],院総,早稲田開講,"山路 哲史,内海 正文,大谷 知未,小島 良洋,山本 知史,尾崎 健司"
2022/7/7 15:18,月4,後期,1,原子力耐震安全・リスク工学特論,smbz060301,→渋谷サテライトクラス,対象[6共同原子力/20以降入学生対象],院総,都市大開講,"牟田 仁,大鳥 靖樹,中村 いずみ,酒井 俊朗,高尾 誠"
2022/7/7 15:18,→(削除),後集中→(削除),1→(削除),データ可視化特論→(削除),smbz100161→(削除),-→(削除),対象[10情報/20以降入学生対象]→(削除),院総→(削除),→(削除),未定→(削除)
2022/7/11 12:10,木3,前期,2,代数学(1)/代数学/再・代数学(1),saz174301,11C,"対象[**-16]/対象[理工学部(自然を除く):**-20,情報工学部:**-20,工学部:19-16,知識工学部(自然を除く):19-16]/代数学(1):20-16/対象[15-**]→対象[**-16]/対象[理工学部(自然を除く):**-20,情報工学部:**-20,工学部:19-16,知識工学部(自然を除く):19-16]/20-16:代数学(1)/対象[15-**]","自然,共通基礎,共通教職",,古田 公司
2022/7/11 12:10,"火1,金1",前期前,2,分子構造論/再・化学(3)/再・分子構造論/再・化学(3),saa172110,"61C,61C","対象[20-**]/17-**:分子構造論//20-18:化学(3)/対象[理工学部(自然以外):20-20,工学部:19-**]/17-**:分子構造論→対象[20-**]/17-**:分子構造論//20-18:化学(3)/対象[理工学部(自然を除く):20-20,工学部:19-**]/17-**:分子構造論","自然,医用,応化,共通基礎",,吉田 真史
2022/7/11 12:10,"土1,土2",前期前,2/1,生物学実験(a)/生物学実験(a)/生物学実験(a)/生物学実験(a),saa006101,"6号館学生実験室,6号館学生実験室",対象[理工学部(自然以外):**-21]/対象[情報工学部:**-21]/対象[**-21]/対象[**-21]→対象[理工学部(自然を除く):**-21]/対象[情報工学部:**-21]/対象[**-21]/対象[**-21],"共通基礎,共通基礎,医用,自然",,"福田 達哉,中島 保寿,池田 佑美,池島 宏子,石井 義孝,金田 光稔"
2022/7/11 12:10,"土1,土2",前期後,2/1,生物学実験(b)/生物学実験(b)/生物学実験(b)/生物学実験(b),sab006102,"6号館学生実験室,6号館学生実験室",対象[理工学部(自然以外):**-21]/対象[情報工学部:**-21]/対象[**-21]/対象[**-21]→対象[理工学部(自然を除く):**-21]/対象[情報工学部:**-21]/対象[**-21]/対象[**-21],"共通基礎,共通基礎,医用,自然",,"福田 達哉,中島 保寿,池田 佑美,池島 宏子,石井 義孝,金田 光稔"
2022/7/11 12:10,"土1,土2",前期,2/1,再・生物学実験/再・生物学実験/再・生物学実験/再・生物学実験,saz006103,"6号館学生実験室,6号館学生実験室","対象[理工学部(自然以外):20-20,工学部:19-**]/対象[情報工学部:20-20,知識工学部:19-**]/対象[20-**]/対象[20-**]→対象[理工学部(自然を除く):20-20,工学部:19-**]/対象[情報工学部:20-20,知識工学部:19-**]/対象[20-**]/対象[20-**]","共通基礎,共通基礎,医用,自然",,"福田 達哉,中島 保寿,池田 佑美,池島 宏子,石井 義孝,金田 光稔"
2022/7/11 12:10,"土3,土4",前期前,2/1,生物学実験(a)/生物学実験(a)/生物学実験(a)/生物学実験(a),saa006303,"6号館学生実験室,6号館学生実験室",対象[理工学部(自然以外):**-21]/対象[情報工学部:**-21]/対象[**-21]/対象[**-21]→対象[理工学部(自然を除く):**-21]/対象[情報工学部:**-21]/対象[**-21]/対象[**-21],"共通基礎,共通基礎,医用,自然",,"福田 達哉,中島 保寿,池田 佑美,池島 宏子,石井 義孝,金田 光稔"
2022/7/11 12:10,"土3,土4",前期後,2/1,生物学実験(b)/生物学実験(b)/生物学実験(b)/生物学実験(b),sab006304,"6号館学生実験室,6号館学生実験室",対象[理工学部(自然以外):**-21]/対象[情報工学部:**-21]/対象[**-21]/対象[**-21]→対象[理工学部(自然を除く):**-21]/対象[情報工学部:**-21]/対象[**-21]/対象[**-21],"共通基礎,共通基礎,医用,自然",,"福田 達哉,中島 保寿,池田 佑美,池島 宏子,石井 義孝,金田 光稔"
2022/7/11 12:10,"土3,土4",前期,2/1,再・生物学実験/再・生物学実験/再・生物学実験/再・生物学実験,saz006305,"6号館学生実験室,6号館学生実験室","対象[理工学部(自然以外):20-20,工学部:19-**]/対象[情報工学部:20-20,知識工学部:19-**]/対象[20-**]/対象[20-**]→対象[理工学部(自然を除く):20-20,工学部:19-**]/対象[情報工学部:20-20,知識工学部:19-**]/対象[20-**]/対象[20-**]","共通基礎,共通基礎,医用,自然",,"福田 達哉,中島 保寿,池田 佑美,池島 宏子,石井 義孝,金田 光稔"
2022/7/11 12:10,"土1,土2",後期前,2/1,地学実験(a)/地学実験(a)/地学実験(a)/地学実験(a),sba006104,,対象[理工学部(自然以外):**-21]/対象[情報工学部:**-21]/対象[**-21]/対象[**-21]→対象[理工学部(自然を除く):**-21]/対象[情報工学部:**-21]/対象[**-21]/対象[**-21],"共通基礎,共通基礎,医用,自然",,"中島 保寿,萩谷 宏,加藤 潔,安井 万奈,清家 一馬,七山 太,宮田 真也"
2022/7/11 12:10,"土1,土2",後期後,2/1,地学実験(b)/地学実験(b)/地学実験(b)/地学実験(b),sbb006105,,対象[理工学部(自然以外):**-21]/対象[情報工学部:**-21]/対象[**-21]/対象[**-21]→対象[理工学部(自然を除く):**-21]/対象[情報工学部:**-21]/対象[**-21]/対象[**-21],"共通基礎,共通基礎,医用,自然",,"中島 保寿,萩谷 宏,加藤 潔,安井 万奈,清家 一馬,七山 太,宮田 真也"
2022/7/11 12:10,"土1,土2",後期,2/1,再・地学実験/再・地学実験/再・地学実験/再・地学実験,sbz006106,,"対象[理工学部(自然以外):20-20,工学部:19-**]/対象[情報工学部:20-20,知識工学部:19-**]/対象[20-**]/対象[20-**]→対象[理工学部(自然を除く):20-20,工学部:19-**]/対象[情報工学部:20-20,知識工学部:19-**]/対象[20-**]/対象[20-**]","共通基礎,共通基礎,医用,自然",,"中島 保寿,萩谷 宏,加藤 潔,安井 万奈,清家 一馬,七山 太,宮田 真也"
2022/7/11 12:10,"土3,土4",後期前,2/1,地学実験(a)/地学実験(a)/地学実験(a)/地学実験(a),sba006306,,対象[理工学部(自然以外):**-21]/対象[情報工学部:**-21]/対象[**-21]/対象[**-21]→対象[理工学部(自然を除く):**-21]/対象[情報工学部:**-21]/対象[**-21]/対象[**-21],"共通基礎,共通基礎,医用,自然",,"中島 保寿,萩谷 宏,加藤 潔,安井 万奈,清家 一馬,七山 太,宮田 真也"
2022/7/11 12:10,"土3,土4",後期後,2/1,地学実験(b)/地学実験(b)/地学実験(b)/地学実験(b),sbb006307,,対象[理工学部(自然以外):**-21]/対象[情報工学部:**-21]/対象[**-21]/対象[**-21]→対象[理工学部(自然を除く):**-21]/対象[情報工学部:**-21]/対象[**-21]/対象[**-21],"共通基礎,共通基礎,医用,自然",,"中島 保寿,萩谷 宏,加藤 潔,安井 万奈,清家 一馬,七山 太,宮田 真也"
2022/7/11 12:10,"土3,土4",後期,2/1,再・地学実験/再・地学実験/再・地学実験/再・地学実験,sbz006308,,"対象[理工学部(自然以外):20-20,工学部:19-**]/対象[情報工学部:20-20,知識工学部:19-**]/対象[20-**]/対象[20-**]→対象[理工学部(自然を除く):20-20,工学部:19-**]/対象[情報工学部:20-20,知識工学部:19-**]/対象[20-**]/対象[20-**]","共通基礎,共通基礎,医用,自然",,"中島 保寿,萩谷 宏,加藤 潔,安井 万奈,清家 一馬,七山 太,宮田 真也"
2022/7/11 12:10,"月1,木1",後期後,2,生命の化学/再・化学(4),sbb171106,,"対象[理工学部(自然以外),工学部]/17-**:生命の化学→対象[理工学部(自然を除く):**-**,工学部:**-**]/17-**:生命の化学","自然,共通基礎",,吉田 真史
2022/7/11 12:10,金5,前期,2,再・プログラミング基礎,saz004521,"12M(1Q),12N(2Q)","対象[理工学部(自然を除く);20-20,工学部:19-**]→対象[理工学部(自然を除く):20-20,工学部:19-**]",共通基礎,,山口 勝己
2022/7/11 12:10,月3,後期,1,再・応用化学総合演習,sbz151404,,対象[20-16]/エネルギー化学総合演習[17-16]→対象[20-16]/17-16:エネルギー化学総合演習,応化,,"大野 哲也,堀田 芳生"
2022/7/11 12:10,"水1,水2",後期前,2,再・建築構法(2),sba313106,,対象[19-**]//15-**:建築各部構法→対象[19-**]/15-**:建築各部構法,建築,,小見 康夫
2022/7/11 12:32,"火2,金2",前期前,2,再・電磁気学基礎/再・電磁気学基礎/再・電磁気学基礎/再・電磁気学基礎/再・電磁気学基礎/再・電磁気学基礎/再・電磁気学基礎/電磁気学基礎/電磁気学基礎/再・電磁気学基礎,saa112210,"1BA,1BA",対象[20-**]/15-**:物理学(3)/対象[20-**]/15-**:物理学(3)/対象[20-**]/対象[20-**]/15-**:物理学(3)/対象[20-**]/対象[20-**]/15-**:物理学(3)/対象[20-20]/対象[**-20]/対象[**-20]/対象[18-**]/15-14:物理学(3)→対象[20-**]/15-**:物理学(3)/対象[20-**]/15-**:物理学(3)/対象[20-**]/対象[20-**]/15-**:物理学(3)/対象[20-**]/対象[20-**]/対象[20-20]/対象[**-20]/対象[**-20]/対象[18-**]/15-14:物理学(3),"機械,機シ,電通,医用,応化,原子,自然,建築,都市,通信",,大野 玲
2022/7/11 12:32,"月1,木1",後期後,2,生命の化学/再・化学(4),sbb171106,,"対象[理工学部(自然を除く):**-**,工学部:**-**]/17-**:生命の化学→対象[理工学部(自然を除く):20-20,工学部:19-**]/17-**:生命の化学","自然,共通基礎",,吉田 真史
2022/7/11 12:32,"水1,水2",後期後,2,再・科学技術史/再・科学技術史/再・科学技術史,sbb173103,,"対象[18-**]/対象[理工学部(自然を除く):20-20,工学部:20-**]/対象[知識工学部:18-**]→対象[18-**]/対象[理工学部(自然を除く):20-20,工学部:19-**]/対象[知識工学部:18-**]","自然,共通基礎,共通基礎",,"吉田 真史,堂前 雅史"
2022/8/1 15:41,"金1,金2",後期前,1,物理学実験(a)/再・物理学実験(1),sba155101,,対象[**-21]/対象[建築都市デザイン学部:20-20],"応化,共通基礎",,"津村 耕司,浅野 恵美,岡 笑美,金子 核,栗栖 牧生,佐々田 博之,西川 浩之→長田 剛,浅野 恵美,岡 笑美,金子 核,栗栖 牧生,佐々田 博之,西川 浩之"
2022/8/1 15:41,"金1,金2",後期後,1,物理学実験(b)/再・物理学実験(2),sbb155102,,対象[**-21]/対象[建築都市デザイン学部:20-20],"応化,共通基礎",,"津村 耕司,浅野 恵美,岡 笑美,金子 核,栗栖 牧生,佐々田 博之,西川 浩之→長田 剛,浅野 恵美,岡 笑美,金子 核,栗栖 牧生,佐々田 博之,西川 浩之"
2022/8/1 15:41,"金1,金2",後期,1,再・物理学実験,sbz155103,,対象[20-**],応化,,"津村 耕司,浅野 恵美,岡 笑美,金子 核,栗栖 牧生,佐々田 博之,西川 浩之→長田 剛,浅野 恵美,岡 笑美,金子 核,栗栖 牧生,佐々田 博之,西川 浩之"
2022/8/1 15:41,"火1,火2,金1,金2",後期前,1,物理学及び演習(1),sba322111,,対象[**-20],都市AB,,"未定→石原 正三,中村 正人"
2022/8/1 15:41,"火1,金1",後期前,1,再・物理学(1)/再・物理学(1),sba322112,,対象[19-16]/対象[理工学部:20-20],"都市,共通基礎",,"未定→石原 正三,中村 正人"
2022/8/1 15:41,"火1,火2,金1,金2",後期後,1,物理学及び演習(2),sbb322113,,対象[**-20],都市AB,,"未定→石原 正三,中村 正人"
2022/8/1 15:41,"火1,金1",後期後,1,再・物理学(2)/再・物理学(2),sbb322114,,対象[19-16]/対象[理工学部:20-20],"都市,共通基礎",,"未定→石原 正三,中村 正人"
2022/8/1 15:41,"金3,金4",前期後,1,機械工作概論及び実習(b)/機械工作実習→機械工作概論及び実習(b)/再・機械工作実習,sab125302,"13L,ものつくり支援センター,13L,ものつくり支援センター",対象[**-21]/対象[20-**],"機シCD,機シ",,"熊谷 正芳,佐藤 道憲"
2022/8/1 15:41,"月5,木5",後期後,1,理工学と生活,sbb001501,,"対象[理工学部:**-20,工学部:19-19]",共通専門教養,,"岩尾 徹,冨士原 民雄,岸本 喜直,桐生昭吾,高津 淑人,佐藤 大祐,柴田 随道,佐藤 勇→岩尾 徹,亀山 雄高,桐生 昭吾,高津淑人,佐藤 大祐,柴田 随道,佐藤 勇"
2022/8/1 15:41,"月1,木1",前期後,2,情報理論/情報理論/情報理論→情報理論/再・情報理論/情報理論,sab211102,"1BP,1BP",対象[19-19]/対象[**-18],"情科国際,自然国際,知能国際",,新家 稔央
2022/8/1 15:41,"金1,金2",前期後,3,専門キャリアデザイン/専門キャリアデザイン/再・専門キャリアデザイン→専門キャリアデザイン/再・専門キャリアデザイン/再・専門キャリアデザイン,sab215101,"13B,13B",対象[19-**]/対象[18-**],"情科,自然,通信",,川上 誓
2022/8/1 15:41,土1,前期,3,情報社会と職業/情報社会と職業/情報社会と職業/再・情報社会と職業→情報社会と職業/再・情報社会と職業/情報社会と職業/再・情報社会と職業,saz216103,61A,対象[19-**]/対象[18-**],"情科,自然,知能,通信",,川上 誓
2022/8/1 15:41,金5,後期,1,数値解析/数値解析/数値解析→数値解析/再・数値解析/数値解析,sbz215501,,対象[19-19],"情科国際,自然国際,知能国際",,L・マテラム
2022/8/1 15:41,"火2,金2",前期前,2,デジタル信号処理/デジタル信号処理/デジタル信号処理→デジタル信号処理/再・デジタル信号処理/デジタル信号処理,saa212202,"11C,11C",対象[19-19]/対象[**-18],"情科国際,自然国際,知能国際",,田口 亮
2022/8/1 15:41,"土1,土2",後期後,3,情報と特許/情報と特許/情報と特許/再・情報と特許→情報と特許/再・情報と特許/情報と特許/再・情報と特許,sbb216104,,対象[19-**]/対象[18-**],"情科,自然,知能,通信",,松野 広一
2022/8/1 15:41,"月3,木3",前期後,1,コンピュータ概論/コンピュータ概論→コンピュータ概論/再・コンピュータ概論,sab221301,"22C,22C",対象[19-**],"知能,自然",,神野 健哉
2022/8/1 15:41,"火3,火4",後期前,2,数値解析/数値解析/再・数値解析→数値解析/再・数値解析/再・数値解析,sba222306,,対象[19-**]/対象[18-**],"知能一般,自然一般,通信",,呂 建明
2022/8/1 15:41,"月3,金2",前期後,3,都市計画(2)/都市計画(2)→都市計画(2)/再・都市計画(2),sab311302,"21B,21B",対象[19-**],"建築,都市",,"金内 知幸,竹上 一"
2022/8/1 15:41,(新規)→,(新規)→後集中,(新規)→3,(新規)→住宅計画,(新規)→sbz417001,(新規)→-,(新規)→,(新規)→都生,(新規)→,(新規)→佐々木 龍郎
2022/8/1 15:41,(新規)→,(新規)→後集中,(新規)→3,(新規)→鉄筋コンクリート構造,(新規)→sbz417002,(新規)→-,(新規)→,(新規)→都生,(新規)→,(新規)→戸田 成信
2022/8/1 15:41,(新規)→,(新規)→後集中,(新規)→3,(新規)→構造力学(2)及び演習,(新規)→sbz417003,(新規)→-,(新規)→,(新規)→都生,(新規)→,(新規)→石井 久史
2022/8/1 15:41,火3,後期,1,核融合炉学特論,smbz060131,渋谷サテライトクラス,対象[6共同原子力],院総,都市大開講,"未定→松浦 治明,大鳥 靖樹,高木 直行,河原林 順,佐藤 勇,石山 敦士,林 巧"
2022/8/1 15:41,,後集中,1,天然物化学特論,smbz110081,-,対象[11自然/20以降入学生対象],院総,,"吉田 真史→吉田 真史,田中 健太郎"
2022/8/3 16:14,"火1,金1",後期前,3,再・交通施設工学,sba322108,,対象[19-**],都市,,"村上 明,朴 希眞→遠藤 桂,弘中 知之"
2022/8/8 15:18,火5,後期,2,総合的な学習の時間の理論と方法,sbz002503,,→対象[**-19],共通教職,,渡邉 大輔
2022/8/8 15:18,水5,後期,1,物理学概論,sbz003505,,→対象[**-16],共通教職,,右近 修治
2022/8/8 15:18,火3,後期,1,スポーツと環境ゼミナール,ybz002101→ybz002301,横浜キャンパス,,共通教養,教養ゼミナール,久保 哲也
2022/8/22 14:28,(新規)→,(新規)→後集中,(新規)→2,(新規)→再・技術日本語表現技法/再・技術日本語表現技法/再・技術日本語表現技法,(新規)→sab211103,"(新規)→1BA,1BA",(新規)→対象[20-**]/対象[19-**]/対象[18-**],"(新規)→情科,自然,通信",(新規)→,(新規)→志田 晃一郎
2022/8/22 14:28,(新規)→,(新規)→後集中,(新規)→3,(新規)→情報セキュリティ,(新規)→sab214402,(新規)→11B,(新規)→対象[**-15],(新規)→情科,(新規)→,(新規)→志田 晃一郎
2022/8/24 9:33,月5,後期後,3,ランドスケープデザイン→ランドスケープデザイン/ランドスケープデザイン,sbb311502,,対象[**-20]→対象[**-20]/対象[**-20],"建築→建築,都市",,高沖 哉
2022/8/24 9:33,"火1,火2",後期前,3,都市デザイン→都市デザイン/都市デザイン,sba312106,,→対象[**-20],"建築→建築,都市",,三牧 浩也
2022/8/25 9:54,(新規)→,(新規)→後集中,(新規)→4,(新規)→卒業研究(1),(新規)→sbz117604,(新規)→各研究室,(新規)→対象[**-19],(新規)→機械,(新規)→,"(新規)→槇 徹雄,大上 浩,白木 尚人,藤間 卓也,三原 雄司,伊東 明美,亀山 雄高,岸本喜直,小林 志好,櫻井 俊彰,佐藤 秀明,杉町 敏之,西部 光一,冨士原 民雄,丸山恵史,及川 昌訓"
2022/8/25 9:54,(新規)→,(新規)→後集中,(新規)→4,(新規)→卒業研究(1),(新規)→sbz127617,(新規)→各研究室,(新規)→対象[**-19],(新規)→機シ,(新規)→,"(新規)→宮坂 明宏,秋田 貢一,今福 宗行,島野健仁郎,田中 康寛,野中 謙一郎,三宅 弘晃,熊谷 正芳,佐藤 大祐,関口 和真,渡邉力夫,白鳥 英,土方 規実雄,藪井 将太"
2022/8/25 9:54,(新規)→,(新規)→後集中,(新規)→4,(新規)→卒業研究(1),(新規)→sbz147609,(新規)→各研究室,(新規)→対象[**-19],(新規)→医用,(新規)→,"(新規)→和多田 雅哉,森 晃,桐生 昭吾,京相雅樹,島谷 祐一,桃沢 愛,小林 千尋"
2022/8/25 9:54,(新規)→,(新規)→後集中,(新規)→4,(新規)→卒業研究(1),(新規)→sbz157604,(新規)→各研究室,(新規)→対象[**-19],(新規)→応化,(新規)→,"(新規)→高橋 政志,金澤 昭彦,黒岩 崇,宗像文男,岩村 武,江場 宏美,高津 淑人,小林亮太,塩月 雅士,秀島 翔"
2022/8/25 9:54,(新規)→,(新規)→後集中,(新規)→4,(新規)→卒業研究(1),(新規)→sbz167613,(新規)→各研究室,(新規)→対象[**-19],(新規)→原子,(新規)→,"(新規)→河原林 順,高木 直行,鈴木 徹,大鳥靖樹,佐藤 勇,松浦 治明,牟田 仁,羽倉尚人,中村 いずみ"
2022/8/25 9:54,(新規)→,(新規)→後集中,(新規)→4,(新規)→卒業研究(1),(新規)→sbz177618,(新規)→各研究室,(新規)→対象[**-19],(新規)→自然,(新規)→,"(新規)→橋本 義武,飯島 正徳,福田 達哉,吉田真史,中井 洋史,中島 保寿,萩谷 宏,服部新,堀越 篤史,津村 耕司,門多 顕司,高木晋作,長田 剛,須藤 誠一,西村 太樹,中村正人"
2022/8/25 9:54,(新規)→,(新規)→後集中,(新規)→4,(新規)→卒業研究(1),(新規)→sbz217608,(新規)→各研究室,(新規)→対象[**-19],(新規)→情科,(新規)→,"(新規)→向井 信彦,荒井 秀一,大屋 英稔,田口亮,中野 秀洋,包 躍,兪 明連,横山 孝典,相原 研輔,陳 オリビア,張 英夏,新家稔央,延澤 志保,星 義克,高橋 弘毅,山口敦子"
2022/8/25 9:54,(新規)→,(新規)→後集中,(新規)→4,(新規)→卒業研究(1),(新規)→sbz227623,(新規)→各研究室,(新規)→対象[**-19],(新規)→知能,(新規)→,"(新規)→森 博彦,塩本 公平,神野 健哉,田中宏和,桂 卓成,芝 正孝,穴田 一,岡 誠,兼子 毅"
2022/8/25 9:54,(新規)→,(新規)→後集中,(新規)→4,(新規)→卒業研究(1),(新規)→sbz317605,(新規)→各研究室,(新規)→対象[**-19],(新規)→建築,(新規)→,"(新規)→堀場 弘,手塚 貴晴,福島 加津也,中川純,片桐 悠自,小見 康夫,佐藤 幸恵,落合陽,西村 功,大村 哲矢,近藤 靖史,岩下剛,小林 茂雄,焦 瑜,山口 勝己"
2022/8/25 9:54,(新規)→,(新規)→後集中,(新規)→4,(新規)→卒業研究(1),(新規)→sbz327614,(新規)→各研究室,(新規)→対象[**-19],(新規)→都市,(新規)→,"(新規)→末政 直晃,白旗 弘実,長岡 裕,丸山收,吉田 郁政,伊藤 和也,栗原 哲彦,五艘隆志,関屋 英彦,中村 隆司,三上 貴仁,秋山 祐樹,稲垣 具志"
2022/8/31 15:06,"金3,金4",後期前,1,物理学実験(a)/再・物理学実験(1),sba225307,,対象[**-21]/対象[建築都市デザイン学部:20-20],"知能,共通基礎",,"須藤 誠一,浅野 恵美,西川 浩之,岡 笑美,金子 核,栗栖 牧生,未定→須藤 誠一,浅野 恵美,西川 浩之,岡笑美,金子 核,栗栖 牧生,木浪 信之"
2022/8/31 15:06,"金3,金4",後期後,1,物理学実験(b)/再・物理学実験(2),sbb225308,,対象[**-21]/対象[建築都市デザイン学部:20-20],"知能,共通基礎",,"須藤 誠一,浅野 恵美,西川 浩之,岡 笑美,金子 核,栗栖 牧生,未定→須藤 誠一,浅野 恵美,西川 浩之,岡笑美,金子 核,栗栖 牧生,木浪 信之"
2022/8/31 15:06,"金3,金4",後期,1,再・物理学実験,sbz225309,,対象[20-**],知能,,"須藤 誠一,浅野 恵美,西川 浩之,岡 笑美,金子 核,栗栖 牧生,未定→須藤 誠一,浅野 恵美,西川 浩之,岡笑美,金子 核,栗栖 牧生,木浪 信之"
2022/8/31 15:06,"火1,火2,金1,金2",後期後,1,化学実験,sbb132110,,対象[理工学部:\2-20],電通,,"高木 晋作,吉田 真史,池田 佑美,石塚芽具美,中村 和彦,村上 志緒→高木 晋作,吉田 真史,池田 佑美,石塚芽具美,中村 和彦,村上 志緒,田中 健太郎"
2022/8/31 15:06,"月4,木4",後期後,1,化学(2),sbb151408,,対象[理工学部:\2-20],応化,,堀越 篤史→田中 健太郎
2022/8/31 15:06,"火1,火2,金1,金2",後期後,1,化学実験,sbb162104,,対象[理工学部:\2-20],原子,,"高木 晋作,吉田 真史,池田 佑美,石塚芽具美,中村 和彦,村上 志緒→高木 晋作,吉田 真史,池田 佑美,石塚芽具美,中村 和彦,村上 志緒,田中 健太郎"
2022/8/31 15:06,"月1,木1",後期後,2,生命の化学/再・化学(4),sbb171106,,"対象[理工学部(自然を除く):20-20,工学部:19-**]/17-**:生命の化学","自然,共通基礎",,"吉田 真史→吉田 真史,田中 健太郎"
2022/8/31 15:06,,後集中,4,卒業研究(2),sbz177603,各研究室,対象[**-19],自然,,"橋本 義武,飯島 正徳,福田 達哉,吉田真史,中井 洋史,中島 保寿,萩谷 宏,服部新,堀越 篤史,津村 耕司,門多 顕司,高木晋作,長田 剛,須藤 誠一,西村 太樹,中村正人→橋本 義武,飯島 正徳,福田 達哉,吉田真史,中井 洋史,中島 保寿,萩谷 宏,服部新,堀越 篤史,津村 耕司,門多 顕司,高木晋作,長田 剛,須藤 誠一,西村 太樹,中村正人,田中 健太郎"
2022/8/31 15:06,,後集中,2,野外調査法及び実習(1),sbz177610,-,,自然,,"福田 達哉,萩谷 宏,中島 保寿→福田 達哉,萩谷 宏,中島 保寿,田中健太郎"
2022/8/31 15:06,"木2,木3",後期後,3,微生物学,sbb174201,,,自然,,"福田 達哉,金田 光稔,未定→福田 達哉,金田 光稔"
2022/8/31 15:06,,後集中,3,事例研究(2),sbz177613,-,,自然,,"橋本 義武,飯島 正徳,福田 達哉,吉田真史,中井 洋史,中島 保寿,萩谷 宏,服部新,堀越 篤史,門多 顕司,高木 晋作,津村耕司,長田 剛,須藤 誠一,西村 太樹,中村正人→橋本 義武,飯島 正徳,福田 達哉,吉田真史,中井 洋史,中島 保寿,萩谷 宏,服部新,堀越 篤史,門多 顕司,高木 晋作,津村耕司,長田 剛,須藤 誠一,西村 太樹,中村正人,田中 健太郎"
2022/8/31 15:06,"水1,水2",後期後,3,SD PBL(3),sbb173102,,対象[**-20],自然,,"長田 剛,門多 顕司→門多 顕司,田中 健太郎"
2022/8/31 15:06,金5,後期,2,建築構造計画,sbz315501,,,建築,,未定→角野 大介
2022/8/31 15:06,"土1,土2,土3,土4",後期前,3,設計スタジオ(1),sba316102,,対象[**-20],建築,,"手塚 貴晴,未定,羽鳥 達也,栗田 祥弘→手塚 貴晴,小林 一行,羽鳥 達也,栗田祥弘"
2022/8/31 15:06,"土1,土2,土3,土4",後期後,3,設計スタジオ(2),sbb316103,,対象[**-20],建築,,"手塚 貴晴,未定,羽鳥 達也,栗田 祥弘→手塚 貴晴,小林 一行,羽鳥 達也,栗田祥弘"
2022/8/31 15:06,"土1,土2,土3,土4",後期,3,再・設計(4),sbz316104,,対象[19-**],建築,,"手塚 貴晴,未定,羽鳥 達也,栗田 祥弘→手塚 貴晴,小林 一行,羽鳥 達也,栗田祥弘"
2022/8/31 15:54,"木2,木3",後期前,2,マーケティングリサーチ演習(2),sba414202,,対象[**-18],都生,,"坂倉 杏介,未定→坂倉 杏介,鹿野 由利子"
2022/8/31 15:54,"木2,木3",後期,4,再・マーケティングリサーチ演習(2),sbz414202,,対象[17-**],都生,,"坂倉 杏介,西山 敏樹,永江 総宜,林 和眞,北見 幸一,未定→坂倉 杏介,西山 敏樹,永江 総宜,林和眞,北見 幸一,鹿野 由利子"
2022/9/1 9:53,"火1,火2,金1,金2",後期後,1,化学実験→化学実験/化学実験,sbb132110,,,"電通→電通,原子",,"高木 晋作,吉田 真史,池田 佑美,石塚 芽具美,中村 和彦,村上 志緒,田中 健太郎"
2022/9/1 9:53,"火1,火2,金1,金2→(削除)",後期後→(削除),1→(削除),化学実験→(削除),sbb162104→(削除),→(削除),→(削除),原子→(削除),→(削除),"高木 晋作,吉田 真史,池田 佑美,石塚芽具美,中村 和彦,村上 志緒,田中 健太郎→(削除)"
2022/9/1 9:53,,後集中,4,卒業研究(1),sbz177618,各研究室,対象[**-19],自然,,"橋本 義武,飯島 正徳,福田 達哉,吉田真史,中井 洋史,中島 保寿,萩谷 宏,服部新,堀越 篤史,津村 耕司,門多 顕司,高木晋作,長田 剛,須藤 誠一,西村 太樹,中村正人→橋本 義武,飯島 正徳,福田 達哉,吉田真史,中井 洋史,中島 保寿,萩谷 宏,服部新,堀越 篤史,津村 耕司,門多 顕司,高木晋作,長田 剛,須藤 誠一,西村 太樹,中村正人,田中 健太郎"
2022/9/1 9:53,"木2,木3",後期前,2,マーケティングリサーチ演習(2),sba414202,,対象[**-18]→対象[**-19],都生,,"坂倉 杏介,鹿野 由利子→坂倉 杏介,西山 敏樹,永江 総宜,鹿野由利子"
2022/9/1 9:53,"木2,木3",後期後,2,マーケティングリサーチ演習(3),sbb414202,,対象[**-18]→対象[**-19],都生,,"林 和眞→林 和眞,西山 敏樹,北見 幸一"
2022/9/1 9:53,"木2,木3",後期,4,再・マーケティングリサーチ演習(2),sbz414202,,対象[17-**]→対象[18-**],都生,,"坂倉 杏介,西山 敏樹,永江 総宜,林 和眞,北見 幸一,鹿野 由利子"
2022/9/1 9:53,"木2,木3→(削除)",後期前→(削除),2→(削除),マーケティングリサーチ演習(2)→(削除),sba414203→(削除),→(削除),対象[**-18]→(削除),都生→(削除),→(削除),"西山 敏樹,永江 総宜→(削除)"
2022/9/1 9:53,"木2,木3→(削除)",後期後→(削除),2→(削除),マーケティングリサーチ演習(3)→(削除),sbb414203→(削除),→(削除),対象[**-18]→(削除),都生→(削除),→(削除),"西山 敏樹,北見 幸一→(削除)"
2022/9/1 18:00,"月4,木4→月4",後期前→後期,3,医工学英語,sba141402,,,医用,,"京相 雅樹,桃沢 愛"
2022/9/1 18:00,"火4,金4→火3,火4",後期前,2,医用機械工学基礎(1),sba142403,,/18-**:機械制御工学,医用,,桃沢 愛
2022/9/1 18:00,"火1,金1→月2,木2",後期後,2,計測工学,sbb142106,,/20-**:計測工学(1),医用,,"京相 雅樹,桐生 昭吾"
2022/9/1 18:00,"(新規)→火1,金1",(新規)→後期後,(新規)→2,(新規)→医用計測工学,(新規)→sbb172107,(新規)→,(新規)→対象[**-21],(新規)→医用,(新規)→,"(新規)→京相 雅樹,桐生 昭吾"
2022/9/1 18:00,"水2→水2前期,水2後期前,水3後期後",通年,3,特別研究,szz513201,72B,,児童,,早坂 信哉
2022/9/1 18:00,"水2→水2前期,水2後期前,水3後期後",通年,3,特別研究,szz513202,実習指導室,,児童,,井戸 ゆかり
2022/9/1 18:00,"水2→水2前期,水2後期前,水3後期後",通年,3,特別研究,szz513203,73F,,児童,,岩田 遵子
2022/9/1 18:00,"水2→水2前期,水2後期前,水3後期後",通年,3,特別研究,szz513204,造形室,,児童,,大塚 習平
2022/9/1 18:00,"水2→水2前期,水2後期前,水3後期後",通年,3,特別研究,szz513205,73K,,児童,,原田 留美
2022/9/1 18:00,"水2→水2前期,水2後期前,水3後期後",通年,3,特別研究,szz513206,73A,,児童,,泉 秀生
2022/9/1 18:00,"水2→水2前期,水2後期前,水3後期後",通年,3,特別研究,szz513207,調理実習室,,児童,,木内 英実
2022/9/1 18:00,"水2→水2前期,水2後期前,水3後期後",通年,3,特別研究,szz513208,12E,,児童,,紺野 道子
2022/9/1 18:00,"水2→水2前期,水2後期前,水3後期後",通年,3,特別研究,szz513209,研究室,,児童,,園田 巌
2022/9/1 18:00,"水2→水2前期,水2後期前,水3後期後",通年,3,特別研究,szz513210,11E,,児童,,髙橋 うらら
2022/9/1 18:00,"水2→水2前期,水2後期前,水3後期後",通年,3,特別研究,szz513211,13F,,児童,,松橋 圭子
2022/9/1 18:00,"水2→水2前期,水2後期前,水3後期後",通年,3,特別研究,szz513212,研究室,,児童,,宮川 哲弥
2022/9/1 18:00,"水2→水2前期,水2後期前,水3後期後",通年,3,特別研究,szz513213,12M,,児童,,室井 眞紀子
2022/9/1 18:00,"水2→水2前期,水2後期前,水3後期後",通年,3,特別研究,szz513214,73L,,児童,,横山 草介
2022/9/5 12:49,金1,前期,1,CommunicationSkills(1)/CommunicationSkills(1)/CommunicationSkills(1),saz115105,12J,対象[\1-\1]/対象[\1-\1]/対象[\1-\1],"機械III-C,情科III-C,児童III-C",,佐藤 友映→中村 優子
2022/9/5 12:49,金2,前期,1,CommunicationSkills(1)/CommunicationSkills(1)/CommunicationSkills(1)/CommunicationSkills(1),saz125203,12J,対象[\1-\1]/対象[\1-\1]/対象[\1-\1]/対象[\1-\1],"機シIV-C,医用IV-C,自然IV-C,知能IV-C",,佐藤 友映→中村 優子
2022/9/5 12:49,"火1,金1",後期後,2,医用計測工学,sbb172107→sbb142107,,対象[**-21],医用,,"京相 雅樹,桐生 昭吾"
2022/9/5 12:49,,後集中,4,卒業研究(2),sbz177603,各研究室,対象[**-19],自然,,"橋本 義武,飯島 正徳,福田 達哉,吉田真史,中井 洋史,中島 保寿,萩谷 宏,服部新,堀越 篤史,津村 耕司,門多 顕司,高木晋作,長田 剛,須藤 誠一,西村 太樹,中村正人,田中 健太郎→橋本 義武,飯島 正徳,福田 達哉,吉田真史,中井 洋史,中島 保寿,萩谷 宏,服部新,堀越 篤史,門多 顕司,高木 晋作,長田剛,須藤 誠一,西村 太樹,中村 正人,田中健太郎"
2022/9/5 12:49,,後集中,3,再・英語論文読解,sbz177612,-,対象[19-19],自然,,"橋本 義武,飯島 正徳,福田 達哉,吉田真史,中井 洋史,中島 保寿,萩谷 宏,服部新,堀越 篤史,門多 顕司,高木 晋作,津村耕司,長田 剛,須藤 誠一,西村 太樹,中村正人→橋本 義武,飯島 正徳,福田 達哉,吉田真史,中井 洋史,中島 保寿,萩谷 宏,服部新,堀越 篤史,門多 顕司,高木 晋作,長田剛,須藤 誠一,西村 太樹,中村 正人"
2022/9/5 12:49,,後集中,3,事例研究(2),sbz177613,-,,自然,,"橋本 義武,飯島 正徳,福田 達哉,吉田真史,中井 洋史,中島 保寿,萩谷 宏,服部新,堀越 篤史,門多 顕司,高木 晋作,津村耕司,長田 剛,須藤 誠一,西村 太樹,中村正人,田中 健太郎→橋本 義武,飯島 正徳,福田 達哉,吉田真史,中井 洋史,中島 保寿,萩谷 宏,服部新,堀越 篤史,門多 顕司,高木 晋作,長田剛,須藤 誠一,西村 太樹,中村 正人,田中健太郎"
2022/9/5 12:49,,後集中,4,卒業研究(1),sbz177618,各研究室,対象[**-19],自然,,"橋本 義武,飯島 正徳,福田 達哉,吉田真史,中井 洋史,中島 保寿,萩谷 宏,服部新,堀越 篤史,津村 耕司,門多 顕司,高木晋作,長田 剛,須藤 誠一,西村 太樹,中村正人,田中 健太郎→橋本 義武,飯島 正徳,福田 達哉,吉田真史,中井 洋史,中島 保寿,萩谷 宏,服部新,堀越 篤史,門多 顕司,高木 晋作,長田剛,須藤 誠一,西村 太樹,中村 正人,田中健太郎"
2022/9/5 13:08,"月2,木2",後期後→後期前,2,計測工学,sbb142106,,/20-**:計測工学(1),医用,,"京相 雅樹,桐生 昭吾"
2022/9/12 13:00,"火1,火2,金1,金2",後期後,1,化学実験/化学実験,sbb132110,,対象[理工学部:\2-20]/対象[建築都市デザイン学部:\2-20],"電通,原子",,"高木 晋作,吉田 真史,池田 佑美,石塚芽具美,中村 和彦,村上 志緒,田中 健太郎→吉田 真史,池田 佑美,石塚 芽具美,中村 和彦,村上 志緒,田中 健太郎"
2022/9/12 13:00,"火3,火4,金3,金4",後期後,1,化学実験/化学実験,sbb312313,,対象[理工学部:\2-20]/対象[建築都市デザイン学部:\2-20],"建築,情科",,"吉田 真史,堀越 篤史,池田 佑美,石塚芽具美,中村 和彦,満田 深雪→吉田 真史,田中 健太郎,池田 佑美,石塚 芽具美,中村 和彦,満田 深雪"
2022/9/12 13:00,"月1,木1→月2,木2",後期後,2,生命の化学/再・化学(4),sbb171106,,"対象[理工学部(自然を除く):20-20,工学部:19-**]/17-**:生命の化学","自然,共通基礎",,"吉田 真史,田中 健太郎"
2022/9/13 14:49,金1,前期,1,CommunicationSkills(1)/CommunicationSkills(1)/CommunicationSkills(1),saz115105,12J,対象[\1-\1]/対象[\1-\1]/対象[\1-\1],"機械III-C,情科III-C,児童III-C",,中村 優子→佐藤 友映
2022/9/13 14:49,金2,前期,1,CommunicationSkills(1)/CommunicationSkills(1)/CommunicationSkills(1)/CommunicationSkills(1),saz125203,12J,対象[\1-\1]/対象[\1-\1]/対象[\1-\1]/対象[\1-\1],"機シIV-C,医用IV-C,自然IV-C,知能IV-C",,中村 優子→佐藤 友映
2022/9/13 14:49,金1,後期,1,CommunicationSkills(2)/CommunicationSkills(2)/CommunicationSkills(2),sbz115115,,対象[\1-\1]/対象[\1-\1]/対象[\1-\1],"機械III-C,情科III-C,児童III-C",,佐藤 友映→中村 優子
2022/9/13 14:49,金2,後期,1,CommunicationSkills(2)/CommunicationSkills(2)/CommunicationSkills(2)/CommunicationSkills(2),sbz125213,,対象[\1-\1]/対象[\1-\1]/対象[\1-\1]/対象[\1-\1],"機シIV-C,医用IV-C,自然IV-C,知能IV-C",,佐藤 友映→中村 優子
2022/9/15 9:05,金3,後期,2,金属加工(製図・実習含)/金属加工(製図・実習含),sbz005307,,"対象[理工学部:**-20,工学部:19-16]/対象[工学部:15-**]","共通基礎,共通教職",,大谷 眞一→白木 尚人
2022/9/15 10:18,"火3,火4",後期前,2→1/2,数値解析/再・数値解析/再・数値解析,sba222306,"12E,12E",対象[19-**]/対象[18-**],"知能一般,自然一般,通信",,呂 建明
2022/9/15 12:42,"火1,金1→火3,木1",後期後,2,電気電子通信計測,sbb132109,,対象[**-21],電通,,松浦 達治
